train_size,display_model,display_label,all_target_R2_mean,all_target_R2_std,all_target_R2_count,mean_target_R2_mean,mean_target_R2_std,mean_target_R2_count,half_target_R2_mean,half_target_R2_std,half_target_R2_count,position_RMSE_mean,position_RMSE_std,position_RMSE_count,mean_vector_RMSE_mean,mean_vector_RMSE_std,mean_vector_RMSE_count,half_vector_RMSE_mean,half_vector_RMSE_std,half_vector_RMSE_count,half_radius_R2_mean,half_radius_R2_std,half_radius_R2_count,radius_balance_mean,radius_balance_std,radius_balance_count,half_direction_cos_mean,half_direction_cos_std,half_direction_cos_count,pairwise_distance_corr_mean,pairwise_distance_corr_std,pairwise_distance_corr_count,half_radius_wasserstein_mean,half_radius_wasserstein_std,half_radius_wasserstein_count,all_target_R2_se,all_target_R2_ci95,mean_target_R2_se,mean_target_R2_ci95,half_target_R2_se,half_target_R2_ci95,position_RMSE_se,position_RMSE_ci95,mean_vector_RMSE_se,mean_vector_RMSE_ci95,half_vector_RMSE_se,half_vector_RMSE_ci95,half_radius_R2_se,half_radius_R2_ci95,radius_balance_se,radius_balance_ci95,half_direction_cos_se,half_direction_cos_ci95,pairwise_distance_corr_se,pairwise_distance_corr_ci95,half_radius_wasserstein_se,half_radius_wasserstein_ci95
5,FixedTerm_cross15to24_RIDGE,15-24 FixedTerm,-32.025000543541594,80.19242344870551,12,-17.856556466667747,50.02011866369901,12,-46.19344462041544,111.35457515643932,12,13.773719888433279,24.0241567542685,12,11.853644175439642,21.269478775726665,12,6.170430068435555,11.701011802248598,12,-250.21965724186066,838.6326652387,12,-3.8921790734288417,13.109714536201116,12,0.9093099525532379,0.10991404976728086,12,0.8577412187932595,0.15705975855265208,12,2.7589546109476033,6.210623725537495,12,23.149558632539293,45.373134919777016,14.439564487691824,28.301546395875974,32.14529697103333,63.00478206322533,6.935176684565342,13.592946301748071,6.139969648344411,12.034340510755046,3.377791156909608,6.620470667542832,242.0923975133884,474.50109912624123,3.7844486082374322,7.417519272145367,0.031729453110430766,0.062189728096444304,0.045339246939615656,0.08886492400164668,1.7928526398872746,3.513991174179058
5,FixedTerm_crossPrev_RIDGE,Prev-stage FixedTerm,-5.831032977848967,10.033152789837983,15,-5.537485943833219,13.932175309474728,15,-6.124580011864714,9.707428625060894,15,10.696782389740997,14.9459906190065,15,10.02536016169585,14.775457283742334,15,3.258185521756418,2.9328433347895984,15,-14.012919453619935,32.27103657442421,15,-0.3985105764561238,2.629652413348797,15,0.9136480275105131,0.06271983796980966,15,0.8243434558191493,0.15081546245170432,15,0.9404475836044901,1.346151637955016,15,2.5905489109997992,5.077475865559606,3.5972721966691856,7.050653505471604,2.5064472932905337,4.912636694849446,3.8590381839989636,7.563714840637968,3.8150066661688755,7.477413065690996,0.7572568928450358,1.4842235099762702,8.33234581450636,16.331397796432466,0.6789733335476023,1.3307877337533003,0.016194192528926694,0.03174061735669632,0.03894038496173472,0.07632315452500005,0.3475748583513075,0.6812467223685628
5,FixedTerm_sameStage_RIDGE,Same-stage FixedTerm,-12202.774659961135,47252.87626288964,15,0.0908389613839282,1.4919462195668796,15,-24405.64015888365,94505.90563710185,15,87.01763645160855,317.5109615220725,15,4.207813376972415,2.667440653530164,15,84.93652144715311,318.07317178469043,15,-168088.1446526286,650949.8586601699,15,-105.25858779774354,405.6086869479158,15,0.9305440272669931,0.05612702710868086,15,0.792151892258642,0.2500475573591432,15,11.744628290430972,43.102323701582385,15,12200.640188438088,23913.25476933865,0.38521885745464257,0.7550289606110995,24401.319910049675,47826.587023697364,81.98097774755271,160.68271638520332,0.6887302152079302,1.349911221807543,82.12613981316512,160.96723403380363,168074.53078712733,329426.08034276956,104.7277126417557,205.26631677784118,0.014491936084270213,0.028404194725169616,0.06456200169412035,0.12654152332047588,11.12897212527132,21.812785365531788
5,FixedTerm_unionAllStages_RIDGE,Union FixedTerm,-7015.113774915721,27158.325675069165,15,-1.313225778503308,5.257070053229893,15,-14028.91432405294,54311.47923779692,15,68.2526808108887,240.38368617262054,15,7.8502220861188325,9.969505334426856,15,64.92616738794443,241.0260635238581,15,-96612.25157914557,374155.61312527343,15,-79.29648193541156,307.18444129428127,15,0.908507877102219,0.07184721418648685,15,0.7744949151867451,0.23544075042971513,15,9.474875934021078,34.278319403111546,15,7012.249536694679,13744.00909192157,1.3573696510670077,2.660444516091335,14023.163639725157,27485.40073386131,62.06680088310063,121.65092973087724,2.5741152086774144,5.0452658090077325,62.23266200198889,121.97601752389822,96606.56390161395,189348.86524716334,79.31468168978542,155.45677611197942,0.01855087093437739,0.03635970703137968,0.06079054036219089,0.11914945910989415,8.85062401228197,17.34722306407266
5,LinearRegression_full64,Full linear,-3090.228851285284,6385.345449164037,15,-1381.9361503795635,3987.6799091308285,15,-4798.521552191004,10722.34725973514,15,193.0570292736575,430.19516340822304,15,184.00131191013026,414.91462275678083,15,47.64544763610942,118.91141916122014,15,-20318.817020823342,61474.73352816603,15,-46.774317360347254,115.62998152075902,15,0.8104386726876602,0.13814023072888917,15,0.4414113301125429,0.2512180676886419,15,24.981254545011563,60.74125301994341,15,1648.689105626242,3231.4306470274346,1029.6145252046404,2018.044469401095,2768.498157947128,5426.2563895763715,111.07591356660174,217.70879059053942,107.130494935663,209.97577007389947,30.70279640568634,60.17748095514522,15872.707944475049,31110.507571171096,29.855532850144733,58.51684438628368,0.03566765420361585,0.06990860223908707,0.06486422616163451,0.12713388327680364,15.683324091600785,30.739315219537538
5,MotherCopyBaseline,Mother copy,-0.22202744437990177,0.9070554887226837,15,-0.20351073996365573,1.8905112967988895,15,-0.24054414879614786,0.17699800094285661,15,3.427570307371523,0.6603325465628184,15,2.653576566604477,0.46430252999326893,15,2.0580792856683146,0.8515808963908783,15,-0.24888995402689965,0.4392093908985879,15,7.179442225909346e-16,5.612106663367289e-16,15,0.9133284975030959,0.06380302035172251,15,0.9570213597010913,0.012842535667702855,15,0.6473319817397079,0.16560629219127718,15,0.23420072012726556,0.4590334114494405,0.4881279178879391,0.9567307190603606,0.04570068733091255,0.0895733471685886,0.17049713038643527,0.33417437555741314,0.11988239775106001,0.2349694995920776,0.21987724197801703,0.4309593942769134,0.11340337709654229,0.22227061910922288,1.4490397096240789e-16,2.8401178308631947e-16,0.016473869017330278,0.03228878327396734,0.0033159284509391936,0.006499219763840819,0.04275936077893173,0.08380834712670618
5,RandomForest_full64_quick,RF quick,-0.019182848042765984,0.3071923742203347,15,0.09327150332861958,0.5477097547692042,15,-0.13163719941415158,0.24457304509311445,15,8.153579189230731,4.985440497906287,15,,,0,,,0,-0.2644391464819302,0.48344774447444677,15,0.36344054172171003,0.2255560230931376,15,0.9314229289858564,0.04985299094950136,15,,,0,0.5025330993909993,0.1788424313914627,15,0.07931672996248486,0.15546079072647032,0.14141805058509843,0.2771793791467929,0.06314848870512452,0.12377103786204405,1.2872352014599375,2.5229809948614776,,,,,0.1248256708740714,0.24465831491317994,0.05823831473843316,0.11414709688732899,0.012871986913736522,0.025229094350923582,,,0.0461769172249585,0.09050675776091865
5,Ridge_full64,Full ridge,-3728.7754655509534,13920.250211257553,15,-409.80025334007297,1530.2543877067112,15,-7047.750677761835,26310.519990354387,15,91.2986020839318,252.71607660800814,15,69.36475415669214,184.8580856452572,15,57.70721685398292,172.91787705263297,15,-51537.47868610339,191109.9754178152,15,-66.87054044041427,211.3248386204221,15,0.8949345578926395,0.07162612412062903,15,0.6031080821911924,0.3172479441605704,15,18.51134169358372,54.811224537181985,15,3594.193149549385,7044.618573116794,395.1099839365947,774.4155685157256,6793.347050179991,13314.960218352782,65.25101040144621,127.89198038683456,47.73015247439103,93.55109884980642,44.64720387242594,87.50851958995484,49344.38347248714,96714.9916060748,54.56383870779098,106.94512386727031,0.018493785724838775,0.036247820020683996,0.08191306695682864,0.16054961123538414,14.152197321182744,27.738306749518177
10,FixedTerm_cross15to24_RIDGE,15-24 FixedTerm,-1.5932712837689527,5.483802840545879,12,-1.9862635940727393,8.089971822084285,12,-1.2002789734651669,2.9036073275620544,12,6.667549794143077,13.317867134044047,12,6.06372333920762,13.197153801942653,12,2.3456052017754234,2.3632656706556916,12,-8.20105195233407,24.398517039105993,12,0.07402941053881751,2.0038671601114038,12,0.9593588164936913,0.027135835689385476,12,0.89774326991582,0.1358542521437374,12,0.6742883659892017,1.1639182115001971,12,1.583037523085999,3.102753545248558,2.3353737046084246,4.577332461032512,0.838199236094461,1.6428705027451436,3.844537087436,7.53529269137456,3.809690150044242,7.466992694086715,0.6822160355598326,1.3371434296972717,7.043245190177759,13.804760572748407,0.578466622155285,1.1337945794243585,0.00783344101997608,0.015353544399153117,0.03921774452287104,0.07686677926482723,0.33599424636217334,0.6585487228698598
10,FixedTerm_crossPrev_RIDGE,Prev-stage FixedTerm,-0.9280005967970172,3.772669466560867,15,-0.5342092724197548,3.9302640651580503,15,-1.321791921174279,3.636514539031043,15,5.469172574750721,8.587528892636263,15,4.789276020278589,8.281168366543206,15,2.4630270552664535,2.4780949656195395,15,-7.278450944551091,22.651182627612474,15,0.04335246757529467,1.8145588332592721,15,0.946692205873699,0.05157428510458423,15,0.9117439057315836,0.11279882477078633,15,0.6722771301714597,1.0710900346965442,15,0.9740990676490304,1.9092341725920996,1.0147898180369728,1.9889880433524665,0.9389440165272247,1.8403302723933603,2.2172904257503507,4.345889234470687,2.1381884780507674,4.190849416979504,0.6398413688109945,1.2540890828695492,5.848510205909725,11.46308000358306,0.4685170761284481,0.9182934692117583,0.013316423153507197,0.026100189380874106,0.029124531320601606,0.05708408138837915,0.276554257777896,0.5420463452446761
10,FixedTerm_sameStage_RIDGE,Same-stage FixedTerm,-8.898807442154286,32.13853638731312,15,0.22138185892129678,1.2642829062918246,15,-18.01899674322987,64.48073933675502,15,5.365900532595726,7.822916925717093,15,2.9123828964495866,2.0470611345764875,15,3.666411408623143,8.022874020685835,15,-114.85475077502956,436.780163243448,15,-2.113314010927982,10.231148031818135,15,0.9749846292861448,0.011967207111430105,15,0.8788973165384955,0.2189112260532729,15,0.6850646445381076,1.0214943806730785,15,8.298134413302986,16.264343450073852,0.32643644273086325,0.639815427752492,16.648855306826245,32.63175640137944,2.0198684648044285,3.9589421910166798,0.528548912192213,1.0359558678967375,2.071497164722425,4.0601344428559525,112.77615321304206,221.04126029756245,2.641671062654295,5.177675282802419,0.0030899195895455842,0.006056242395509345,0.05652263552014487,0.11078436561948395,0.2637487149727528,0.5169474813465955
10,FixedTerm_unionAllStages_RIDGE,Union FixedTerm,-20.28413867654949,67.13922723420642,15,-0.55619989434648,3.076236976200288,15,-40.012077458752486,134.59236424985923,15,8.068706322902198,13.012896855847243,15,4.776552622830075,7.087921235120907,15,5.112070781963217,11.679302469205343,15,-242.17370935475586,918.2198595737987,15,-3.5109033574350996,14.968516735493782,15,0.9570392778017529,0.025807408556151476,15,0.8552737680105564,0.22904066289193145,15,0.8809383068543882,1.6457342386668843,15,17.33527393035446,33.977136903494745,0.7942809718540784,1.5567907048339937,34.751599017759155,68.11313407480795,3.359915520574082,6.585434420325201,1.8300933935235453,3.5869830513061487,3.0155829305700967,5.91054254391739,237.083348285749,464.683362640068,3.864854402266295,7.575114628441939,0.006663444236449698,0.013060350703441408,0.0591380448656505,0.11591056793667498,0.424926753242679,0.8328564363556508
10,LinearRegression_full64,Full linear,-281.9833585273548,1026.9529693256552,15,-67.56597316567225,235.82513422774366,15,-496.4007438890373,1818.2482375709787,15,34.53025479613624,81.22995642885233,15,31.183132195978708,75.25425891934434,15,14.363066013714866,30.81770034570526,15,-1274.4181820202998,4550.753692995336,15,-12.428641697242329,28.517762622265337,15,0.8495875888266632,0.07268099181164084,15,0.5490620345359517,0.19505468466148465,15,6.61843770082791,15.35062943231935,15,265.15811650243455,519.7099083447717,60.88978783207866,119.34398415087418,469.46967622555917,920.1605654020959,20.973484564139945,41.10802974571429,19.430566101720103,38.0839095593714,7.957096013821801,15.59590818709073,1174.999551044189,2302.9991200466106,7.363254647142,14.43197910839832,0.018766151391488173,0.03678165672731682,0.05036290301957795,0.09871128991837279,3.9635154763449503,7.768490333636103
10,MotherCopyBaseline,Mother copy,-0.13354700977952602,0.9284027076092788,15,-0.1932461468731704,1.8703315110867,15,-0.07384787268588149,0.04702862583680429,15,3.3306280489682556,0.63116574463372,15,2.650329863200095,0.46518019420853357,15,1.919601374610805,0.770304525521957,15,-0.37431008190464526,0.36466180942286164,15,1.1546319456101628e-15,9.08562925782399e-16,15,0.9260496085756411,0.05337753896439299,15,0.959639911069633,0.009817636004198448,15,0.677791154521535,0.13762966182891792,15,0.23971254834297404,0.4698365947522291,0.48291751962171614,0.9465183384585636,0.012142738977397524,0.023799768395699146,0.16296629451086672,0.3194139372412988,0.12010900967701216,0.23541365896694383,0.19889177325698304,0.38982787558368676,0.09415527432617372,0.1845443376793005,2.3458993870244775e-16,4.597962798567976e-16,0.013782021298042103,0.027012761744162523,0.0025349027162257947,0.004968409323802558,0.03553582588050385,0.06965021872578754
10,RandomForest_full64_quick,RF quick,0.35639702860605976,0.2947722843328472,15,0.5065619314218954,0.3970783609631603,15,0.206232125790224,0.285108101991571,15,5.596811081113681,3.4728972306034454,15,,,0,,,0,-0.06793093013829082,0.1730954620432017,15,0.48965054835603156,0.21500179175033549,15,0.9610522495230721,0.02778053391145719,15,,,0,0.4156799302711443,0.0714328746076109,15,0.07610987654297564,0.14917535802423226,0.10252519194331047,0.20094937620888853,0.073614595392144,0.14428460696860224,0.8966982091478002,1.7575284899296884,,,,,0.044693056119826546,0.08759838999486003,0.055513223923586964,0.10880591889023045,0.007172903012521606,0.014058889904542347,,,0.01844388891513331,0.03615002227366129
10,Ridge_full64,Full ridge,-21.0835593556473,53.65598012360633,15,-11.083466043707887,33.817678088634956,15,-31.083652667586712,79.42512658118608,15,14.378263537869808,28.478237727587768,15,12.507537381119866,26.126550530028627,15,6.224524021934053,11.865485410763194,15,-215.8246229346247,567.1534150188869,15,-4.096773917935242,12.685393188139795,15,0.9466763519753524,0.04431433854502091,15,0.7920403898903683,0.22172850055748994,15,1.8703166676333998,4.885479779128719,15,13.853914496210898,27.15367241257336,8.731686936312443,17.11410639517239,20.50747950128998,40.19465982252836,7.3530493632188785,14.411976751909002,6.745846339776495,13.221858825961931,3.0636551593701946,6.0047641123655815,146.4383820741875,287.0192288654075,3.2753544371838954,6.419694696880435,0.011441913012204227,0.022426149503920283,0.057250052669246695,0.11221010323172352,1.261425454853241,2.4723938915123527
20,FixedTerm_cross15to24_RIDGE,15-24 FixedTerm,0.3226292985618541,0.4541049408418298,12,0.6413946513827703,0.5007568199236622,12,0.0038639457409379943,0.46688849438521046,12,2.1941644076048736,0.3954186123079088,12,1.6107813909107078,0.36701849830722144,12,1.4681537154173057,0.3029208453291393,12,-0.5593499507920964,0.40267238792187066,12,0.7023448256240769,0.14357186700173805,12,0.9725652348029484,0.013502165746776535,12,0.9648314634458534,0.010413577594471073,12,0.3182497199215952,0.11219944362676071,12,0.13108880491768476,0.2569340576386621,0.14455604239073366,0.283329843085838,0.13477909895742018,0.26416703395654356,0.11414752112927971,0.22372914141338823,0.10594911439762326,0.20766026421934158,0.0874457157969638,0.17139360296204903,0.11624150578096072,0.227833351330683,0.041445628030755306,0.0812334309402804,0.0038977395142721885,0.00763956944797349,0.003006140913697465,0.0058920361908470316,0.03238918949041827,0.06348281140121981
20,FixedTerm_crossPrev_RIDGE,Prev-stage FixedTerm,0.36070130066707323,0.38244431446955784,15,0.705611715477117,0.41263834980809744,15,0.015790885857029417,0.42775011097932275,15,2.485452748777345,0.5908427783579234,15,1.8816935519714686,0.5398892015348454,15,1.6060477138918825,0.3449989644809115,15,-0.6286296744363538,0.32539475546655,15,0.7973791929857751,0.15375946016961484,15,0.9634645244371954,0.020925084578812217,15,0.9664731530363267,0.006865928809278176,15,0.35655782762730276,0.17080967748562143,15,0.09874669738615398,0.1935435268768618,0.10654276378755145,0.20882381702360084,0.11044460374408609,0.2164714233384087,0.1525549493871438,0.29900770079880185,0.13939879242277842,0.27322163314864567,0.08907834959289163,0.1745935652020676,0.0840165645910122,0.16467246659838392,0.039700521903917395,0.07781302293167809,0.005402833606114757,0.010589553867984923,0.0017727751956386729,0.003474639383451799,0.044102869084858116,0.0864416234063219
20,FixedTerm_sameStage_RIDGE,Same-stage FixedTerm,0.33927454474754304,0.5627549229033604,15,0.731582356347986,0.4473399119226662,15,-0.05303326685289979,0.99412868415979,15,2.2237097503127883,0.7131223780645607,15,1.5492219774881832,0.3333876642252391,15,1.5103941962899528,0.8244535865349782,15,-1.9697194994528215,6.000689921780979,15,0.3462764519227074,0.9909956487789913,15,0.9807094066616069,0.005207935633610669,15,0.9424458830123587,0.09639643453093655,15,0.32520486744848726,0.12445879736710323,15,0.1453026962933969,0.28479328473505794,0.11550266859802526,0.2263852304521295,0.256682922515864,0.5030985281310935,0.18412740627012486,0.3608897162894447,0.08608032475835607,0.1687174365263779,0.2128730006913964,0.4172310813551369,1.5493714755208279,3.0367680920208224,0.25587397625900316,0.5015129934676462,0.0013446831984729526,0.002635579069006987,0.02488945237147272,0.04878332664808653,0.03213512329945296,0.06298484166692779
20,FixedTerm_unionAllStages_RIDGE,Union FixedTerm,0.10828104293563129,0.771571043796266,15,0.649297089145676,0.5882580227042251,15,-0.43273500327441333,1.2370711349274526,15,2.5208198047586965,0.7680442453436815,15,1.7357011094763588,0.44273120562875123,15,1.7366168639457953,0.8620935816964935,15,-2.7270085489167,6.946116464791188,15,0.3970414621162785,1.1020161065366105,15,0.9738331227763175,0.009441930361085607,15,0.9347033398685142,0.09697129853078984,15,0.2780061451157185,0.14117856451220046,15,0.1992187868692541,0.390468822263738,0.15188756834709122,0.2976996339602988,0.3194103935765288,0.6260443714099964,0.1983081714244348,0.3886840159918922,0.11431270574976565,0.22405290326954067,0.22259160565218816,0.4362795470782888,1.7934795592635604,3.515219936156578,0.2845393351912421,0.5576970969748345,0.002437895936302316,0.0047782760351525394,0.025037881617990452,0.04907424797126129,0.03645214861314812,0.07144621128177031
20,LinearRegression_full64,Full linear,-3724.4066751954188,14315.462936170326,15,-316.9610218884446,1179.1949731415552,15,-7131.852328502393,27451.953417784756,15,54.01009576710721,167.3590655568602,15,20.241420157582517,46.39163181371488,15,48.12753261477159,161.4361806438034,15,-43497.968519561946,168063.92853036273,15,-53.36325635831055,188.94312969378765,15,0.8387257185604007,0.08764072033624266,15,0.5898901127261027,0.2503198975878469,15,19.5621989611104,65.80875223241836,15,3696.2366363358133,7244.623807218194,304.46683286058305,596.7549924067428,7088.063893862809,13892.605231971105,43.21192491590366,84.69537283517117,11.978267827860261,23.47740494260611,41.68264260725218,81.69797951021427,43393.919753085895,85052.08271604835,48.78490631228984,95.61841637208809,0.0226287366874593,0.04435232390742023,0.06463231963880514,0.1266793464920581,16.99174676205643,33.3038236536306
20,MotherCopyBaseline,Mother copy,-0.1272497261753644,0.9293885016278912,15,-0.1870289090450066,1.856105422821463,15,-0.0674705433057222,0.08938669335781604,15,3.327778194769296,0.6056350507871424,15,2.6531255859561274,0.4653440653082542,15,1.909363353351247,0.753275745036027,15,-0.3596189865218937,0.4046018692211673,15,6.143234069592533e-16,7.007442011868155e-16,15,0.9264930566285482,0.052292384500382594,15,0.9601253587446857,0.009928389101591103,15,0.6839138076625878,0.16792471467804146,15,0.23996707926409916,0.47033547535763437,0.4792443594261868,0.9393189444753262,0.023079544983158045,0.04523590816698977,0.1563742977052057,0.30649362350220316,0.12015132101302166,0.23549658918552244,0.19449496104176778,0.38121012364186485,0.10446775342253148,0.2047567967081617,1.8093137474319704e-16,3.546254944966662e-16,0.013501835620230442,0.026463597815651666,0.0025634990430086373,0.005024458124296929,0.04335797489097912,0.08498163078631907
20,RandomForest_full64_quick,RF quick,0.45783508442193266,0.3070964502932093,15,0.627192049026725,0.3456860611201352,15,0.2884781198171404,0.3416096345387765,15,4.202453606690757,2.602725702129282,15,,,0,,,0,-0.05371954117978341,0.22903665012399382,15,0.4612672522667474,0.15098735504793012,15,0.9715096933753344,0.015988503858733467,15,,,0,0.4263504044621079,0.14788397193387562,15,0.0792919625110009,0.15541224652156177,0.08925575718228819,0.17494128407728485,0.08820322836484557,0.1728783275950973,0.672020886606181,1.3171609377481146,,,,,0.0591370087734242,0.11590853719591143,0.03898476743923598,0.07641014418090251,0.004128213945043183,0.008091299332284639,,,0.03818347736472702,0.07483961563486496
20,Ridge_full64,Full ridge,-0.08166685335986355,0.9992320383923291,15,0.3730231165586539,1.1024763239985884,15,-0.5363568232783809,1.034134024842549,15,3.014490162065444,0.8312162413187011,15,2.4032851761740104,0.7920633288689647,15,1.7843990082142942,0.4471463407250942,15,-1.837374068083047,1.9987337483690688,15,0.5148693934751749,0.5704005853035584,15,0.9678559968940094,0.014882323332575926,15,0.9333608665855572,0.038785984337811906,15,0.32416541474408284,0.19674538104464892,15,0.25800060291269206,0.5056811817088764,0.284658162828967,0.5579299991447753,0.2670122570641093,0.5233440238456543,0.21461911064829697,0.4206534568706621,0.20450987212340724,0.4008393493618782,0.11545268872972513,0.22628726991026124,0.5160708347290752,1.0114988360689874,0.14727679783650965,0.2886625237595589,0.0038425993613293748,0.0075314947482055744,0.010014498093773814,0.019628416263796675,0.05079943894861051,0.0995669003392766
40,FixedTerm_cross15to24_RIDGE,15-24 FixedTerm,0.445234699855102,0.36938693305271814,12,0.7124584131807302,0.4092651874717586,12,0.1780109865294738,0.40649052433491795,12,1.9455715195773544,0.31974982201057495,12,1.4039845363510952,0.30763765866398973,12,1.3314431707015555,0.2295469308639317,12,-0.2644896239201584,0.15000799558121358,12,0.6428487273046171,0.171011077848834,12,0.9779784975171443,0.008819746489156422,12,0.9724753463731023,0.007869486301471613,12,0.28068913931029693,0.08128814741762946,12,0.10663282261655856,0.20900033232845477,0.11814468307838125,0.23156357883362724,0.11734370682389851,0.2299936653748411,0.0923038229055702,0.18091549289491757,0.08880734252126034,0.17406239134167026,0.06626449116297169,0.1298784026794245,0.04330357831470493,0.08487501349682167,0.04936664591521618,0.09675862599382372,0.0025460415048493587,0.004990241349504743,0.0022717250172693544,0.004452581033847935,0.02346586689674718,0.04599309911762447
40,FixedTerm_crossPrev_RIDGE,Prev-stage FixedTerm,0.4645332598278271,0.341411406141146,15,0.7478338638948594,0.3907752874892092,15,0.18123265576079492,0.35914252823751225,15,2.1947685283752665,0.4727643014395374,15,1.6297605011510612,0.41016952488873704,15,1.4612718166147505,0.28752053814607315,15,-0.4598197242749922,0.2604937540699605,15,0.755891061059773,0.19944445296174235,15,0.9712252859056237,0.016241396122763863,15,0.9719565477129071,0.004180036635166921,15,0.322064664897024,0.12465853050844217,15,0.08815204601266101,0.17277801018481556,0.10089774537034152,0.19775958092586937,0.09273020205191412,0.1817511960217517,0.12206721774378076,0.2392517467778103,0.10590531593439247,0.20757441923140924,0.07423748372882237,0.14550546810849185,0.06725919808693384,0.13182802825039033,0.051496336320951776,0.10093281918906548,0.004193510446841477,0.008219280475809295,0.001079280818302558,0.0021153904038730136,0.03218669417479238,0.06308592058259306
40,FixedTerm_sameStage_RIDGE,Same-stage FixedTerm,0.5904674028729264,0.3601505953944642,15,0.7761775600385464,0.36720424895037934,15,0.40475724570730626,0.42539837369589134,15,1.7821186160727553,0.23414842626458487,15,1.3676497985284497,0.30529442563166903,15,1.1243381402343504,0.07693189942765245,15,0.07254895862193426,0.26743888237877095,15,0.6482056412777984,0.18984599841250288,15,0.9848704963240521,0.0030943504617334866,15,0.9784238706128986,0.009736870032795492,15,0.23385463581032637,0.07250878217587126,15,0.09299048387262969,0.18226134839035418,0.0948117293894281,0.18583098960327907,0.10983738778852709,0.2152812800655131,0.060456863697560835,0.11849545284721924,0.07882668174409418,0.1545002962184246,0.01986373101836012,0.03893291279598584,0.06905242250542026,0.13534274811062372,0.049018026013049554,0.09607533098557712,0.0007989578537082016,0.001565957393268075,0.0025140490320802004,0.004927536102877193,0.018721687054728705,0.03669450662726826
40,FixedTerm_unionAllStages_RIDGE,Union FixedTerm,0.510653672528503,0.46537249935856545,15,0.7395718983732519,0.455280198866105,15,0.2817354466837541,0.5306154424067465,15,1.8312534676024408,0.21671383943727154,15,1.3533614622395607,0.27813354556236486,15,1.2174978205656566,0.10971025060888358,15,-0.05909274339176052,0.33905207260088915,15,0.7518203240612366,0.18298687193412078,15,0.9814129284170693,0.004061255842062783,15,0.9765809576798674,0.011360216797508803,15,0.20955817080450687,0.08107150058058303,15,0.12015866265324304,0.23551097880035635,0.11755284187109503,0.23040357006734627,0.13700431811212066,0.2685284634997565,0.05595527273554805,0.10967233456167418,0.07181377266564405,0.14075499442466233,0.028327064901096547,0.055521047206149234,0.08754286871202345,0.17158402267556597,0.04724700717169594,0.09260413405652404,0.0010486117493997825,0.002055279028823574,0.002933195364403823,0.005749062914231493,0.020932571440042867,0.04102784002248402
40,LinearRegression_full64,Full linear,-88.21087525378415,123.99951531306688,15,-28.208594798938933,56.83085997880196,15,-148.2131557086294,202.46666394776184,15,17.988354580387526,8.915888123010218,15,13.036605955282882,5.9160929543021545,15,11.75246801493432,7.8171523450904274,15,-348.7914591680583,549.6931718182418,15,-11.894450707987271,11.301781481210423,15,0.816220991194461,0.05811580871778967,15,0.35634746138333523,0.2542213497957844,15,4.623259598188267,2.7029050610935155,15,32.01653718301997,62.75241287871914,14.673664949903038,28.760383301809956,52.27666784212368,102.4622689705624,2.3020724144711386,4.512061932363432,1.5275286324418187,2.9939561195859645,2.018380056486765,3.9560249107140595,141.9301666650655,278.1831266635284,2.9181074306135573,5.719490564002572,0.015005437287691681,0.029410657083875694,0.06563967026729622,0.1286537537239006,0.6978870858663284,1.3678586882980037
40,MotherCopyBaseline,Mother copy,-0.09065950027520812,0.8874077011256946,15,-0.1450263507041832,1.7704730678922036,15,-0.0362926498462329,0.030193952393320688,15,3.307022437718573,0.6212910587604541,15,2.6469536215758227,0.47748936437342054,15,1.8866626070629036,0.744991028285066,15,-0.2548898579938707,0.31509882423236807,15,8.067620645609471e-16,8.706246786664085e-16,15,0.9284278038340046,0.05107081072019353,15,0.9595129281691562,0.011086934290843698,15,0.6524204525143861,0.15099189840384258,15,0.22912768318373491,0.4490902590401204,0.4571341804570172,0.8959829936957537,0.00779604498503404,0.015280248170666718,0.1604166615817875,0.3144166567003035,0.12328722374729485,0.24164295854469792,0.19235585637479996,0.3770174784946079,0.0813581665774333,0.15946200649176928,2.247943254181456e-16,4.4059687781956535e-16,0.013186426626441384,0.025845396187825113,0.002862634124595572,0.005610762884207321,0.038985940528688305,0.07641244343622908
40,RandomForest_full64_quick,RF quick,0.5359214758462199,0.32387018051349964,15,0.7252917399041844,0.3602361592986157,15,0.34655121178825543,0.3464026206274043,15,2.86069663397123,1.6610698116483105,15,,,0,,,0,0.09197057805759747,0.159021857643011,15,0.3808642981290955,0.1336268899485174,15,0.9748117283189092,0.01746434353241984,15,,,0,0.39723977418386,0.06948458646844101,15,0.08362292103079826,0.1639009252203646,0.09301257637768404,0.1823046497002607,0.08944077205150285,0.17530391322094557,0.4288863811601198,0.8406173070738348,,,,,0.04105926708895655,0.08047616349435482,0.03450231462507328,0.06762453666514362,0.004509274110233817,0.00883817725605828,,,0.017940843080692083,0.035164052438156485
40,Ridge_full64,Full ridge,0.34099417714826724,0.726098614629969,15,0.6101513405188579,0.7672602581058376,15,0.07183701377767673,0.7319443216124631,15,2.056631962177673,0.3291456358360815,15,1.5257684056629566,0.35518572716366387,15,1.3614730395163142,0.1837843700322055,15,-0.3693242994371952,0.5957314637791845,15,0.7954274189095245,0.17129055963185463,15,0.977164747861621,0.0072609450367498735,15,0.9657286335260268,0.033097994269442384,15,0.1997965750416507,0.06854471882234944,15,0.18747785614440982,0.36745659804304326,0.19810574679004755,0.3882872637084932,0.188987211197077,0.37041493394627095,0.08498503773799965,0.16657067396647932,0.0917085604076961,0.17974877839908435,0.04745292029519689,0.0930077237785859,0.15381720253523656,0.3014817169690637,0.04422703232111476,0.08668498334938493,0.0018747679470039772,0.0036745451761277955,0.008545865373227924,0.01674989613152673,0.017698170297961963,0.034688413784005445
80,FixedTerm_cross15to24_RIDGE,15-24 FixedTerm,0.4815746252221133,0.3374249308519703,12,0.7260410506995729,0.390901082773888,12,0.2371081997446537,0.3621972806411075,12,1.8546716157976044,0.2667699133339061,12,1.3291639583690338,0.2472464419199906,12,1.2797930968383613,0.22022807636921715,12,-0.18218177275412298,0.15148916413758423,12,0.7190370248271432,0.17399538853079316,12,0.979817352499314,0.007767638070414011,12,0.9736004054059054,0.007612205385062497,12,0.23637107566034865,0.07180636558558642,12,0.09740618732933795,0.19091612716550238,0.11284342268301022,0.22117310845870003,0.10455734873894693,0.20493240352833597,0.07700984063751191,0.15093928764952336,0.07137389989934187,0.13989284380271005,0.06357436958744049,0.12460576439138336,0.04373115484707283,0.08571306350026274,0.05022814220300348,0.09844715871788681,0.0022423239654605575,0.004394954972302693,0.0021974544140962757,0.0043070106516287,0.020728712250183502,0.04062827601035966
80,FixedTerm_crossPrev_RIDGE,Prev-stage FixedTerm,0.5100124050230099,0.3004957095122493,15,0.7656819169400949,0.3559108107035031,15,0.254342893105925,0.32168918430492943,15,2.0881273791630828,0.4702616418703108,15,1.5549406189579746,0.3971542253124557,15,1.387031724449684,0.28865237883043077,15,-0.409560851229024,0.2459337899509718,15,0.7602038616331834,0.17178388958507068,15,0.9742132137255487,0.01606796237194655,15,0.9741479260239922,0.004641405328721274,15,0.2924096740683363,0.10215779510950647,15,0.07758765856984821,0.1520718107969025,0.09189577617265653,0.18011572129840678,0.08305979023120266,0.16279718885315722,0.12142103382159133,0.237985226290319,0.10254478003406993,0.20098776886677705,0.07452972373689418,0.14607825852431258,0.06349983151665245,0.1244596697726388,0.044354409567314165,0.08693464275193576,0.0041487300449357615,0.008131510888074093,0.0011984057027423901,0.0023488751773750845,0.026377029276292537,0.051698977381533374
80,FixedTerm_sameStage_RIDGE,Same-stage FixedTerm,0.6124443737047043,0.3302137472362804,15,0.7938975716024829,0.3443462517330292,15,0.4309911758069254,0.39350233106035976,15,1.6628529598372457,0.19952000425379635,15,1.2410071715118796,0.25084611710429333,15,1.0950919692932495,0.06692404175682079,15,0.11527338059817958,0.2683583185869153,15,0.7106933555604229,0.17690572594658105,15,0.9854497509803296,0.00303589012307631,15,0.9812618028745083,0.009109587374393874,15,0.21598472297000262,0.07297739777445233,15,0.08526082291565729,0.16711121291468828,0.08890981988606458,0.17426324697668658,0.10160186499270472,0.19913965538570125,0.05151584358067908,0.100971053418131,0.0647681889337149,0.1269456503100812,0.017279713279003777,0.0338682380268474,0.06928981991355647,0.13580804703057067,0.04567686202932278,0.08952664957747264,0.0007838634591726756,0.0015363723799784442,0.002352085346123255,0.004610087278401579,0.01884268308200054,0.03693165884072106
80,FixedTerm_unionAllStages_RIDGE,Union FixedTerm,0.5954370456197157,0.3655700236928349,15,0.7914582795497652,0.35773526080615986,15,0.3994158116896659,0.42133325196662785,15,1.6573198820344903,0.1996068503715096,15,1.2081169471121764,0.2669572765556665,15,1.1183439559250457,0.08747054480770583,15,0.14356584750019413,0.21360968231552047,15,0.7346511747646118,0.15323465940698702,15,0.984154419839205,0.003357099192868533,15,0.9807991078603799,0.009224452248113912,15,0.18436125458820177,0.08377482156556836,15,0.09438977424233336,0.18500395751497337,0.0923668471635616,0.18103902044058073,0.1087877778713442,0.21322404462783462,0.051538267151851495,0.10101500361762893,0.06892807241659893,0.1350990219365339,0.022584797554928954,0.04426620320766075,0.05515378281311118,0.10810141431369791,0.039565018929668426,0.07754743710215012,0.0008667992843697459,0.0016989265973647019,0.0023817433289887164,0.004668216924817884,0.02163056591699628,0.0423959091973127
80,LinearRegression_full64,Full linear,-6.76291625534253,13.98172466080093,15,-2.9638455226179397,9.748869001085481,15,-10.56198698806712,18.955939734966666,15,4.651191390458616,3.0969143272039954,15,3.4196965361449396,1.9246737837761803,15,3.0457923368322337,2.568312652709323,15,-18.40581778313481,47.70555452950075,15,-1.0569451032233297,3.232678261504216,15,0.946540754068909,0.018431348031852462,15,0.8246130428411098,0.196775689158411,15,0.6058663659625072,0.5339431381162312,15,3.610065784169303,7.075728936971833,2.5171471523707867,4.933608418646742,4.894402593682488,9.593029083617678,0.799619840926148,1.5672548882152502,0.4969486340964774,0.9740193228290956,0.6631354754531334,1.2997455318881415,12.317521214289748,24.142341580007905,0.8346739380301715,1.6359609185391362,0.004758953598367829,0.009327549052800945,0.050807264469934214,0.09958223836107105,0.137863525449726,0.27021250988146295
80,MotherCopyBaseline,Mother copy,-0.06201256014781536,0.8435325972698746,15,-0.10729415568194213,1.6886512000684688,15,-0.01673096461368856,0.012197232028684748,15,3.2953986808480464,0.6044745629192003,15,2.6538417609817873,0.4669535026016672,15,1.8590479250024534,0.7306343975304022,15,-0.3144097742180545,0.28265045590430266,15,8.955799065309596e-16,8.685998104036464e-16,15,0.930829695911807,0.04871011770988247,15,0.9623966032196155,0.009355651140593826,15,0.6611090009116872,0.1450150669772892,15,0.21779918008062082,0.42688639295801684,0.4360078650278899,0.8545754154546642,0.0031493117677949154,0.006172651064878034,0.156074661026138,0.3059063356112305,0.12056687593529858,0.2363110768331852,0.1886489902534358,0.36975202089673415,0.07298003390101987,0.14304086644599895,2.2427150668081614e-16,4.395721530943996e-16,0.012576898312145184,0.02465072069180456,0.0024156187373630873,0.004734612725231651,0.037442729290146276,0.0733877494086867
80,RandomForest_full64_quick,RF quick,0.6093136778720792,0.33076357581071664,15,0.7730791587169911,0.35875379800945656,15,0.4455481970271674,0.3580663063510062,15,2.0053101979821073,0.8915520319464193,15,,,0,,,0,0.20156780865444557,0.15460655578521215,15,0.5300557471500894,0.16720095487337594,15,0.9834958854209285,0.007835073852027346,15,,,0,0.30480495576902344,0.06569921079860709,15,0.085402788043128,0.16738946456453085,0.09262983233861899,0.1815544713836932,0.09245232275569668,0.18120655260116547,0.23019774480039099,0.45118757980876634,,,,,0.03991924105137431,0.07824171246069364,0.043171100912970856,0.08461535778942288,0.0020230073696804736,0.003965094444573728,,,0.01696346328546505,0.033248388039511495
80,Ridge_full64,Full ridge,0.536706345348527,0.41489647368431587,15,0.7580335457489197,0.404224580263777,15,0.31537914494813435,0.46733286063543056,15,1.7676231013250132,0.19502979552228739,15,1.2856427250994384,0.24277733266374543,15,1.1998382379578578,0.11568962401614329,15,0.023152957233286527,0.2755267603417903,15,0.8152284397167495,0.1364320077128263,15,0.9819178058292976,0.004555644385080324,15,0.9772803550902187,0.011921017833455689,15,0.1607587978788595,0.06291216913426816,15,0.10712580886530261,0.2099665853759931,0.10437033783261944,0.2045658621519341,0.12066482575843294,0.23650305848652856,0.05035647667147046,0.0986986942760821,0.06268483774955626,0.12286228198913027,0.029870932476234704,0.05854702765342002,0.0711407036158824,0.1394357790871295,0.03522659291742787,0.06904412211815862,0.001176262322310628,0.002305474151728831,0.003077993569254367,0.006032867395738559,0.016243852222053656,0.031837950355225166
