raw_stage,agg_stage,target,target_index,K,K_rule,R2,MSE,WAIC,features,coefs,equation_latex
4_6_7_8,4_to_8,x_mean,1,4,fixed from previous 4-8 manual bottleneck K=475657,0.99686060081288,0.3433328817725797,1578.7141711037004,mother_x;mother_x_adj_xj_pow2;mother_x_adj_xj_pow3;mother_x_adj_xi_xj2,1.03249519477;0.0165302005733;0.00139397860667;-0.00345098271848,"\widehat{x_{\mathrm{mean}}} &= 1.03\,m_x + 0.02\,\langle x_j^2\rangle_N + 1.39\times 10^{-3}\,\langle x_j^3\rangle_N\\&\quad - 3.45\times 10^{-3}\,\langle m_xx_j^2\rangle_N"
4_6_7_8,4_to_8,x_half,2,7,fixed from previous 4-8 manual bottleneck K=475657,0.5884414498590846,0.5742449712122851,2041.46195017434,mother_z_z;mother_x_adj_xj_minus_xi_pow2;mother_y_adj_xj_minus_xi_pow2;mother_x_adj_xj;mother_x_adj_xj_pow2;mother_2d_couple_xz_xi2_xj;mother_y_adj_xi_xj_pow3,-0.00185424682567;0.00520566703811;0.108856303885;-0.413738375055;0.0120482841151;0.00109536766777;0.00299657524692,"\widehat{x_{\mathrm{half}}} &= - 1.85\times 10^{-3}\,m_z^2 + 5.21\times 10^{-3}\,\langle (x_j-m_x)^2\rangle_N + 0.11\,\langle (y_j-m_y)^2\rangle_N\\&\quad - 0.41\,\langle x_j\rangle_N + 0.01\,\langle x_j^2\rangle_N + 1.10\times 10^{-3}\,m_x^2m_z\\&\quad + 3.00\times 10^{-3}\,\langle (m_yy_j)^3\rangle_N"
4_6_7_8,4_to_8,y_mean,3,5,fixed from previous 4-8 manual bottleneck K=475657,0.9558649650301982,0.0990364445454461,476.74141052881566,mother_x_adj_xj;mother_x;mother_z;mother_2d_couple_yz_xi_xj;mother_x_adj_xj_pow2,-0.226029096403;-0.107504402316;-0.0899154081821;-0.04657578392;-0.00107548764049,"\widehat{y_{\mathrm{mean}}} &= - 0.23\,\langle x_j\rangle_N - 0.11\,m_x - 0.09\,m_z\\&\quad - 0.05\,m_ym_z - 1.08\times 10^{-3}\,\langle x_j^2\rangle_N"
4_6_7_8,4_to_8,y_half,4,6,fixed from previous 4-8 manual bottleneck K=475657,0.8518997239996176,0.1985231686603225,1096.2725082984202,mother_x_adj_xj_minus_xi_pow2;mother_x_adj_xi_xj2;mother_2d_couple_xz_xi_xj2;mother_x_adj_xj_pow3;mother_x_adj_xj_pow2;mother_x_adj_xi_xj,0.00979429541442;0.00157495143531;0.00214736814345;0.000943781255146;0.00869262355793;0.0505619857789,"\widehat{y_{\mathrm{half}}} &= 9.79\times 10^{-3}\,\langle (x_j-m_x)^2\rangle_N + 1.57\times 10^{-3}\,\langle m_xx_j^2\rangle_N + 2.15\times 10^{-3}\,m_xm_z^2\\&\quad + 9.44\times 10^{-4}\,\langle x_j^3\rangle_N + 8.69\times 10^{-3}\,\langle x_j^2\rangle_N + 0.05\,\langle m_xx_j\rangle_N"
4_6_7_8,4_to_8,z_mean,5,5,fixed from previous 4-8 manual bottleneck K=475657,0.99163666245195,0.3366840073563278,1563.3487534690585,mother_z;mother_y_adj_xj_minus_xi_pow2;mother_2d_couple_xz_xi_xj2;mother_z_adj_xi2_xj;mother_2d_couple_xy_xj_minus_xi_pow2,1.22013093449;-0.138077471055;0.00656285080181;0.0141017795258;0.00295172009951,"\widehat{z_{\mathrm{mean}}} &= 1.22\,m_z - 0.14\,\langle (y_j-m_y)^2\rangle_N + 6.56\times 10^{-3}\,m_xm_z^2\\&\quad + 0.01\,\langle m_z^2z_j\rangle_N + 2.95\times 10^{-3}\,(m_y-m_x)^2"
4_6_7_8,4_to_8,z_half,6,7,fixed from previous 4-8 manual bottleneck K=475657,0.9111976943730784,0.2418835274700514,1273.6973583765716,mother_x_x;mother_x_adj_xi_xj;mother_x_adj_xj_pow2;mother_2d_couple_xz_xi_xj;mother_x_adj_xi_xj_pow2;mother_3d_couple_prod_sq_xy2z;mother_y_adj_xj_pow3,0.00955577503727;0.0219242621744;0.00304040731341;-0.0162232361992;0.00017940325534;2.07220859881e-05;0.00361493532619,"\widehat{z_{\mathrm{half}}} &= 9.56\times 10^{-3}\,m_x^2 + 0.02\,\langle m_xx_j\rangle_N + 3.04\times 10^{-3}\,\langle x_j^2\rangle_N\\&\quad - 0.02\,m_xm_z + 1.79\times 10^{-4}\,\langle (m_xx_j)^2\rangle_N + 2.07\times 10^{-5}\,(m_xm_y^2m_z)^2\\&\quad + 3.61\times 10^{-3}\,\langle y_j^3\rangle_N"
8_to_12,8_to_12,x_mean,1,5,composite: minimize normalized R2 loss + normalized WAIC loss + 0.02*K within K<=8,0.9946506154061112,0.4384655402242007,1765.6874252203438,mother_x;mother_y_adj_xj;mother_x_adj_xj;mother_z_adj_xi_xj2;mother_2d_couple_xz_xi_xj,0.628538594106;-0.589369079101;1.08803180224;0.00319433120689;-0.00395751609311,"\widehat{x_{\mathrm{mean}}} &= 0.63\,m_x - 0.59\,\langle y_j\rangle_N + 1.09\,\langle x_j\rangle_N\\&\quad + 3.19\times 10^{-3}\,\langle m_zz_j^2\rangle_N - 3.96\times 10^{-3}\,m_xm_z"
8_to_12,8_to_12,x_half,2,6,composite: minimize normalized R2 loss + normalized WAIC loss + 0.02*K within K<=8,0.6576994342771202,0.6051161758328494,2048.5928447846304,mother_y_adj_xj_minus_xi_pow2;mother_z_adj_xj;mother_y_y;mother_z_adj_xi_xj2;mother_x_adj_xj_minus_xi_pow2;mother_y_adj_xj_pow3,0.12049980112;-0.0625243910873;-0.101490589917;-0.00462203399237;0.00951222037995;-0.0109827030986,"\widehat{x_{\mathrm{half}}} &= 0.12\,\langle (y_j-m_y)^2\rangle_N - 0.06\,\langle z_j\rangle_N - 0.10\,m_y^2\\&\quad - 4.62\times 10^{-3}\,\langle m_zz_j^2\rangle_N + 9.51\times 10^{-3}\,\langle (x_j-m_x)^2\rangle_N - 0.01\,\langle y_j^3\rangle_N"
8_to_12,8_to_12,y_mean,3,8,composite: minimize normalized R2 loss + normalized WAIC loss + 0.02*K within K<=8,0.9813977223110124,0.3056211835310781,1456.952235654725,mother_y;mother_z_adj_xi_xj2;mother_z_adj_xi2_xj;mother_y_adj_xi_xj;mother_2d_couple_yz_xi_xj2;mother_x_adj_xj_pow3;mother_x_x;mother_2d_couple_xy_xi2_xj,0.995444026908;0.0128208116544;0.00436704854335;0.235143016271;-0.0107678076773;0.000785942016412;0.00262254540967;-0.00207323690773,"\widehat{y_{\mathrm{mean}}} &= 1.00\,m_y + 0.01\,\langle m_zz_j^2\rangle_N + 4.37\times 10^{-3}\,\langle m_z^2z_j\rangle_N\\&\quad + 0.24\,\langle m_yy_j\rangle_N - 0.01\,m_ym_z^2 + 7.86\times 10^{-4}\,\langle x_j^3\rangle_N\\&\quad + 2.62\times 10^{-3}\,m_x^2 - 2.07\times 10^{-3}\,m_x^2m_y"
8_to_12,8_to_12,y_half,4,8,composite: minimize normalized R2 loss + normalized WAIC loss + 0.02*K within K<=8,0.925467983593874,0.2075603060701552,1119.554120819531,mother_2d_couple_yz_xj_minus_xi_pow2;mother_x_adj_xj;mother_2d_couple_yz_xi_xj;mother_z;mother_x_adj_xj_pow3;mother_3d_couple_prod_xyz;mother_z_adj_xi2_xj;mother_z_adj_xi_xj_pow2,0.00749337448652;-0.0139770101939;-0.0149599890694;0.180952682407;-0.00103774084435;-0.00143765851083;0.00694633001357;0.000350585352207,"\widehat{y_{\mathrm{half}}} &= 7.49\times 10^{-3}\,(m_z-m_y)^2 - 0.01\,\langle x_j\rangle_N - 0.01\,m_ym_z\\&\quad + 0.18\,m_z - 1.04\times 10^{-3}\,\langle x_j^3\rangle_N - 1.44\times 10^{-3}\,m_xm_ym_z\\&\quad + 6.95\times 10^{-3}\,\langle m_z^2z_j\rangle_N + 3.51\times 10^{-4}\,\langle (m_zz_j)^2\rangle_N"
8_to_12,8_to_12,z_mean,5,8,composite: minimize normalized R2 loss + normalized WAIC loss + 0.02*K within K<=8,0.9814152954399394,0.4737269766920944,1839.1365677186789,mother_z_adj_xj_minus_xi;mother_2d_couple_yz_xj_minus_xi_pow2;mother_x_adj_xj_minus_xi;mother_x_adj_xj_pow3;mother_z_z_z;mother_2d_couple_xz_xi2_xj;mother_z;mother_x_adj_xj_pow2,0.163273062211;0.01932815759;-0.112589781808;-0.000772061546857;-0.00515877072578;-0.00220176663574;1.27005542033;0.00901643449697,"\widehat{z_{\mathrm{mean}}} &= 0.16\,\langle z_j-m_z\rangle_N + 0.02\,(m_z-m_y)^2 - 0.11\,\langle x_j-m_x\rangle_N\\&\quad - 7.72\times 10^{-4}\,\langle x_j^3\rangle_N - 5.16\times 10^{-3}\,m_z^3 - 2.20\times 10^{-3}\,m_x^2m_z\\&\quad + 1.27\,m_z + 9.02\times 10^{-3}\,\langle x_j^2\rangle_N"
8_to_12,8_to_12,z_half,6,8,composite: minimize normalized R2 loss + normalized WAIC loss + 0.02*K within K<=8,0.8334991287610357,0.4769929556687809,1845.1277009088096,mother_z_adj_xj_pow2;mother_2d_couple_xz_xi_xj;mother_x_x;mother_2d_couple_yz_xi_xj;mother_2d_couple_xy_xj_minus_xi_pow2;mother_z_adj_xj_minus_xi_pow2;mother_z_adj_xi2_xj;mother_2d_couple_xz_xi2_xj,0.0554651431733;0.020231595638;0.00724502625589;0.0157156987806;-0.00309141984472;0.00984995961102;0.0106904744887;0.000951062266805,"\widehat{z_{\mathrm{half}}} &= 0.06\,\langle z_j^2\rangle_N + 0.02\,m_xm_z + 7.25\times 10^{-3}\,m_x^2\\&\quad + 0.02\,m_ym_z - 3.09\times 10^{-3}\,(m_y-m_x)^2 + 9.85\times 10^{-3}\,\langle (z_j-m_z)^2\rangle_N\\&\quad + 0.01\,\langle m_z^2z_j\rangle_N + 9.51\times 10^{-4}\,m_x^2m_z"
12_to_14,12_to_15,x_mean,1,8,composite: minimize normalized R2 loss + normalized WAIC loss + 0.02*K within K<=8,0.9917552084580608,0.4626926711945038,917.292591983204,mother_x_adj_xj_pow3;mother_x;mother_x_x_x;mother_2d_couple_xy_xj_minus_xi_pow2;mother_3d_couple_prod_xyz;mother_y_adj_xj_pow3;mother_z_adj_xj_pow2;mother_2d_couple_xy_xi_xj2,0.00037090944962;1.43693929567;-0.008915248195;0.0275604911186;-0.00483064095132;-0.00556939788192;-0.0186417636033;0.007554538907,"\widehat{x_{\mathrm{mean}}} &= 3.71\times 10^{-4}\,\langle x_j^3\rangle_N + 1.44\,m_x - 8.92\times 10^{-3}\,m_x^3\\&\quad + 0.03\,(m_y-m_x)^2 - 4.83\times 10^{-3}\,m_xm_ym_z - 5.57\times 10^{-3}\,\langle y_j^3\rangle_N\\&\quad - 0.02\,\langle z_j^2\rangle_N + 7.55\times 10^{-3}\,m_xm_y^2"
12_to_14,12_to_15,x_half,2,4,composite: minimize normalized R2 loss + normalized WAIC loss + 0.02*K within K<=8,0.2399088011012162,0.3577644733737271,797.1585445079651,mother_x_adj_xj_pow2;mother_y_adj_xj_minus_xi_pow2;mother_3d_couple_prod_sq_xyz2;mother_y_adj_xj_pow3,0.0272936004112;0.0312019603613;-1.78921521272e-07;0.00285609432888,"\widehat{x_{\mathrm{half}}} &= 0.03\,\langle x_j^2\rangle_N + 0.03\,\langle (y_j-m_y)^2\rangle_N - 1.79\times 10^{-7}\,(m_xm_ym_z^2)^2\\&\quad + 2.86\times 10^{-3}\,\langle y_j^3\rangle_N"
12_to_14,12_to_15,y_mean,3,4,composite: minimize normalized R2 loss + normalized WAIC loss + 0.02*K within K<=8,0.8969589446037389,0.2908690645831541,706.9058215062961,mother_y_adj_xi_xj2;mother_2d_couple_xy_xi_xj;mother_z_adj_xj_pow2;mother_x_adj_xj_pow3,0.0113382957154;-0.0110558849817;0.0475858202968;-0.000415696139379,"\widehat{y_{\mathrm{mean}}} &= 0.01\,\langle m_yy_j^2\rangle_N - 0.01\,m_xm_y + 0.05\,\langle z_j^2\rangle_N\\&\quad - 4.16\times 10^{-4}\,\langle x_j^3\rangle_N"
12_to_14,12_to_15,y_half,4,5,composite: minimize normalized R2 loss + normalized WAIC loss + 0.02*K within K<=8,0.1439885559777494,0.1786386990327554,496.3523809682712,mother_x_adj_xj_pow2;mother_x;mother_y_adj_xj_pow3;mother_z_adj_xi_xj_pow3;mother_y_adj_xj,0.00708651867342;0.0355351405917;0.00648224399438;-2.66650987454e-06;-0.281988863626,"\widehat{y_{\mathrm{half}}} &= 7.09\times 10^{-3}\,\langle x_j^2\rangle_N + 0.04\,m_x + 6.48\times 10^{-3}\,\langle y_j^3\rangle_N\\&\quad - 2.67\times 10^{-6}\,\langle (m_zz_j)^3\rangle_N - 0.28\,\langle y_j\rangle_N"
12_to_14,12_to_15,z_mean,5,7,composite: minimize normalized R2 loss + normalized WAIC loss + 0.02*K within K<=8,0.9194157932364144,0.4102738424695768,862.8687318294512,mother_z;mother_x_adj_xi_xj;mother_z_z;mother_2d_couple_xz_xi_xj;mother_2d_couple_xz_xi_xj_pow3;mother_y_adj_xj_pow2;mother_y_adj_xi2_xj,0.957010608277;-0.0367613136308;0.0427444965507;0.0280187654383;-3.05657587089e-06;-0.0636580513818;-0.0455893183678,"\widehat{z_{\mathrm{mean}}} &= 0.96\,m_z - 0.04\,\langle m_xx_j\rangle_N + 0.04\,m_z^2\\&\quad + 0.03\,m_xm_z - 3.06\times 10^{-6}\,(m_xm_z)^3 - 0.06\,\langle y_j^2\rangle_N\\&\quad - 0.05\,\langle m_y^2y_j\rangle_N"
12_to_14,12_to_15,z_half,6,8,composite: minimize normalized R2 loss + normalized WAIC loss + 0.02*K within K<=8,0.0853776268311741,0.2550388779199559,657.59047356049,mother_x_adj_xj_pow2;mother_2d_couple_xz_xi_xj;mother_z_adj_xj_pow2;mother_y_adj_xj_pow3;mother_z_adj_xj_pow3;mother_2d_couple_yz_xi_xj_pow2;mother_y_y;mother_z_adj_xj,0.00864368569683;-0.00468506472152;0.00521684506748;0.00233989795112;0.00267624008977;-0.000816252356618;0.0342555948467;-0.218205166487,"\widehat{z_{\mathrm{half}}} &= 8.64\times 10^{-3}\,\langle x_j^2\rangle_N - 4.69\times 10^{-3}\,m_xm_z + 5.22\times 10^{-3}\,\langle z_j^2\rangle_N\\&\quad + 2.34\times 10^{-3}\,\langle y_j^3\rangle_N + 2.68\times 10^{-3}\,\langle z_j^3\rangle_N - 8.16\times 10^{-4}\,(m_ym_z)^2\\&\quad + 0.03\,m_y^2 - 0.22\,\langle z_j\rangle_N"
14_to_15,12_to_15,x_mean,1,5,composite: minimize normalized R2 loss + normalized WAIC loss + 0.02*K within K<=8,0.3425106659453891,0.3105995307358684,320.3644708395818,mother_x_adj_xj_minus_xi_pow2;mother_x_adj_xj;mother_y_adj_xj_pow2;mother_x;mother_x_adj_xj_pow2,-0.0897103751235;-1.37725112278;0.0512308322435;1.23953711354;0.117496684798,"\widehat{x_{\mathrm{mean}}} &= - 0.09\,\langle (x_j-m_x)^2\rangle_N - 1.38\,\langle x_j\rangle_N + 0.05\,\langle y_j^2\rangle_N\\&\quad + 1.24\,m_x + 0.12\,\langle x_j^2\rangle_N"
14_to_15,12_to_15,x_half,2,7,composite: minimize normalized R2 loss + normalized WAIC loss + 0.02*K within K<=8,0.1235913166787846,0.2970818962264186,316.0881117546237,mother_z_adj_xj_pow2;mother_y;mother_x_adj_xj_pow2;mother_z_adj_xj;mother_z;mother_z_adj_xi_xj_pow3;mother_z_adj_xj_pow3,0.0461943383495;-0.20926192137;0.00915816050156;0.55273857858;0.364535113999;-6.66054874842e-05;0.00255533091636,"\widehat{x_{\mathrm{half}}} &= 0.05\,\langle z_j^2\rangle_N - 0.21\,m_y + 9.16\times 10^{-3}\,\langle x_j^2\rangle_N\\&\quad + 0.55\,\langle z_j\rangle_N + 0.36\,m_z - 6.66\times 10^{-5}\,\langle (m_zz_j)^3\rangle_N\\&\quad + 2.56\times 10^{-3}\,\langle z_j^3\rangle_N"
14_to_15,12_to_15,y_mean,3,6,composite: minimize normalized R2 loss + normalized WAIC loss + 0.02*K within K<=8,0.1246636015606786,0.2169087939320008,255.58536715667464,mother_z_adj_xj_pow2;mother_y;mother_y_adj_xj_pow2;mother_y_adj_xj_pow3;mother_x_adj_xj;mother_2d_couple_xz_xj_minus_xi_pow2,-0.0215252261196;0.244690223388;-0.0695821738295;0.00784707018747;-0.445437112265;-0.0111640630271,"\widehat{y_{\mathrm{mean}}} &= - 0.02\,\langle z_j^2\rangle_N + 0.24\,m_y - 0.07\,\langle y_j^2\rangle_N\\&\quad + 7.85\times 10^{-3}\,\langle y_j^3\rangle_N - 0.45\,\langle x_j\rangle_N - 0.01\,(m_z-m_x)^2"
14_to_15,12_to_15,y_half,4,1,composite: minimize normalized R2 loss + normalized WAIC loss + 0.02*K within K<=8,0.0172110074673295,0.1579535958313271,186.5906928886683,mother_y_adj_xj_pow2,0.0328503424658,"\widehat{y_{\mathrm{half}}} &= 0.03\,\langle y_j^2\rangle_N"
14_to_15,12_to_15,z_mean,5,7,composite: minimize normalized R2 loss + normalized WAIC loss + 0.02*K within K<=8,0.2753863444558522,0.2487149028640146,283.03580506647967,mother_z_adj_xj_minus_xi_pow2;mother_2d_couple_yz_xj_minus_xi_pow2;mother_y_adj_xj_pow3;mother_y_adj_xi2_xj;mother_z_adj_xi_xj_pow3;mother_z_adj_xi_xj;mother_z,0.0235675464444;0.009858313552;0.0171686039593;-0.0770498030263;-4.84007158088e-05;0.13566881224;0.28511127245,"\widehat{z_{\mathrm{mean}}} &= 0.02\,\langle (z_j-m_z)^2\rangle_N + 9.86\times 10^{-3}\,(m_z-m_y)^2 + 0.02\,\langle y_j^3\rangle_N\\&\quad - 0.08\,\langle m_y^2y_j\rangle_N - 4.84\times 10^{-5}\,\langle (m_zz_j)^3\rangle_N + 0.14\,\langle m_zz_j\rangle_N\\&\quad + 0.29\,m_z"
14_to_15,12_to_15,z_half,6,8,composite: minimize normalized R2 loss + normalized WAIC loss + 0.02*K within K<=8,0.1350347312886555,0.5469427704355398,431.6106685494699,mother_x_adj_xj_pow2;mother_2d_couple_xy_xi_xj_pow2;mother_z_adj_xj_minus_xi_pow3;mother_z;mother_2d_couple_xz_xi_xj_pow2;mother_2d_couple_xz_xi_xj2;mother_x_x_x;mother_x,0.0333463119656;0.000618953785972;-0.0032598743281;-1.040757961;-0.00545244819566;0.0516816363115;0.00447715845143;-0.377442773378,"\widehat{z_{\mathrm{half}}} &= 0.03\,\langle x_j^2\rangle_N + 6.19\times 10^{-4}\,(m_xm_y)^2 - 3.26\times 10^{-3}\,\langle (z_j-m_z)^3\rangle_N\\&\quad - 1.04\,m_z - 5.45\times 10^{-3}\,(m_xm_z)^2 + 0.05\,m_xm_z^2\\&\quad + 4.48\times 10^{-3}\,m_x^3 - 0.38\,m_x"
15_to_24,15_to_24,x_mean,1,8,composite: minimize normalized R2 loss + normalized WAIC loss + 0.02*K within K<=8,0.9960844901973313,0.557559926638185,3788.680034216468,mother_x;mother_2d_couple_xy_xi_xj;mother_y_adj_xj_minus_xi_pow3;mother_y_adj_xj_pow2;mother_z_adj_xj;mother_z_adj_xi_xj;mother_x_adj_xj;mother_2d_couple_xy_xj_minus_xi_pow2,0.65926373969;0.00496840505096;0.00142503227843;0.0649924034849;-0.171711856983;0.00830231591581;0.51148274431;-0.00404918633424,"\widehat{x_{\mathrm{mean}}} &= 0.66\,m_x + 4.97\times 10^{-3}\,m_xm_y + 1.43\times 10^{-3}\,\langle (y_j-m_y)^3\rangle_N\\&\quad + 0.06\,\langle y_j^2\rangle_N - 0.17\,\langle z_j\rangle_N + 8.30\times 10^{-3}\,\langle m_zz_j\rangle_N\\&\quad + 0.51\,\langle x_j\rangle_N - 4.05\times 10^{-3}\,(m_y-m_x)^2"
15_to_24,15_to_24,x_half,2,8,composite: minimize normalized R2 loss + normalized WAIC loss + 0.02*K within K<=8,0.7964275110561823,0.4241631138398478,3330.9215442760087,mother_y_adj_xj_minus_xi_pow2;mother_2d_couple_yz_xj_minus_xi_pow2;mother_y_adj_xj_pow2;mother_2d_couple_xz_xi_xj;mother_y_adj_xj;mother_x_x;mother_x_adj_xj_pow2;mother_2d_couple_xy_xi_xj,0.0287232532473;0.00530859406849;0.0779217670631;0.00414782095624;0.206134093039;-0.00717864503468;0.0242071638068;0.0136064843002,"\widehat{x_{\mathrm{half}}} &= 0.03\,\langle (y_j-m_y)^2\rangle_N + 5.31\times 10^{-3}\,(m_z-m_y)^2 + 0.08\,\langle y_j^2\rangle_N\\&\quad + 4.15\times 10^{-3}\,m_xm_z + 0.21\,\langle y_j\rangle_N - 7.18\times 10^{-3}\,m_x^2\\&\quad + 0.02\,\langle x_j^2\rangle_N + 0.01\,m_xm_y"
15_to_24,15_to_24,y_mean,3,8,composite: minimize normalized R2 loss + normalized WAIC loss + 0.02*K within K<=8,0.9578794475172058,0.7154235624122076,4206.016224208988,mother_y_adj_xj_minus_xi;mother_x_adj_xj;mother_2d_couple_xz_xi_xj;mother_y;mother_2d_couple_yz_xj_minus_xi_pow2;mother_2d_couple_yz_xi_xj2;mother_2d_couple_xy_xi2_xj;mother_y_adj_xi_xj,0.494619427707;0.141802916984;-0.010546883068;1.66083403426;-0.00790375465502;-0.00349286281264;-0.00115944261685;0.10013186187,"\widehat{y_{\mathrm{mean}}} &= 0.49\,\langle y_j-m_y\rangle_N + 0.14\,\langle x_j\rangle_N - 0.01\,m_xm_z\\&\quad + 1.66\,m_y - 7.90\times 10^{-3}\,(m_z-m_y)^2 - 3.49\times 10^{-3}\,m_ym_z^2\\&\quad - 1.16\times 10^{-3}\,m_x^2m_y + 0.10\,\langle m_yy_j\rangle_N"
15_to_24,15_to_24,y_half,4,7,composite: minimize normalized R2 loss + normalized WAIC loss + 0.02*K within K<=8,0.753716775776879,0.3708038698517243,3103.8609263517105,mother_x_adj_xi_xj;mother_z_adj_xi_xj;mother_2d_couple_xz_xi_xj;mother_2d_couple_xy_xi2_xj;mother_y_y;mother_3d_couple_prod_xyz;mother_2d_couple_yz_xi_xj,0.0132931452214;0.021185780934;0.00405707523308;0.000857244208308;-0.0140628818512;0.00164139299762;0.00853935276701,"\widehat{y_{\mathrm{half}}} &= 0.01\,\langle m_xx_j\rangle_N + 0.02\,\langle m_zz_j\rangle_N + 4.06\times 10^{-3}\,m_xm_z\\&\quad + 8.57\times 10^{-4}\,m_x^2m_y - 0.01\,m_y^2 + 1.64\times 10^{-3}\,m_xm_ym_z\\&\quad + 8.54\times 10^{-3}\,m_ym_z"
15_to_24,15_to_24,z_mean,5,8,composite: minimize normalized R2 loss + normalized WAIC loss + 0.02*K within K<=8,0.985024751737322,0.7870870476573976,4365.823105773104,mother_z;mother_2d_couple_xy_xi_xj;mother_y;mother_z_adj_xj;mother_y_y;mother_2d_couple_yz_xi2_xj;mother_2d_couple_xy_xj_minus_xi_pow2;mother_2d_couple_xz_xi_xj,0.790250538689;0.0165134638587;0.252984356108;0.770369735203;0.0321393457206;-0.00510860309343;-0.00221205542982;-0.00469379426657,"\widehat{z_{\mathrm{mean}}} &= 0.79\,m_z + 0.02\,m_xm_y + 0.25\,m_y\\&\quad + 0.77\,\langle z_j\rangle_N + 0.03\,m_y^2 - 5.11\times 10^{-3}\,m_y^2m_z\\&\quad - 2.21\times 10^{-3}\,(m_y-m_x)^2 - 4.69\times 10^{-3}\,m_xm_z"
15_to_24,15_to_24,z_half,6,6,composite: minimize normalized R2 loss + normalized WAIC loss + 0.02*K within K<=8,0.6306369946135766,0.3532679211335105,3020.761455724509,mother_x_adj_xj_pow2;mother_2d_couple_xz_xj_minus_xi_pow2;mother_2d_couple_xz_xi_xj2;mother_x_x_x;mother_2d_couple_xy_xj_minus_xi_pow2;mother_y_adj_xj_pow2,0.00182652661503;0.00199712748338;0.000496342677854;9.93873481502e-05;0.00256032715448;0.0350019673001,"\widehat{z_{\mathrm{half}}} &= 1.83\times 10^{-3}\,\langle x_j^2\rangle_N + 2.00\times 10^{-3}\,(m_z-m_x)^2 + 4.96\times 10^{-4}\,m_xm_z^2\\&\quad + 9.94\times 10^{-5}\,m_x^3 + 2.56\times 10^{-3}\,(m_y-m_x)^2 + 0.04\,\langle y_j^2\rangle_N"
