raw_stage,target,k,R2,MSE,WAIC,alpha_fixed,feature_added
4_6_7_8,x_mean,1,0.9771469300459972,2.4992713245415215,3335.442141625604,5.253202635381024,mother_x
4_6_7_8,x_mean,2,0.9771469300459972,2.4992713245415215,3337.442141625604,5.253202635381024,mother_y_adj_xj
4_6_7_8,x_mean,3,0.9771469300459972,2.4992713245415215,3339.442141625604,5.253202635381024,mother_x_adj_xj
4_6_7_8,x_mean,4,0.9911435332577556,0.9685662981034192,2499.6735854458543,5.253202635381024,mother_x_adj_xj_pow2
4_6_7_8,x_mean,5,0.9911435332577556,0.9685662981034192,2501.6735854458543,5.253202635381024,mother_3d_couple_prod_xyz
4_6_7_8,x_mean,6,0.9882350054782287,1.2866504806939836,2755.848410654193,5.253202635381024,mother_x_adj_xi2_xj
4_6_7_8,x_mean,7,0.9798754400730871,2.200874352793072,3234.537821444319,5.253202635381024,mother_x_x
4_6_7_8,x_mean,8,0.9788111154508079,2.317271668944467,3282.301589093997,5.253202635381024,mother_2d_couple_xy_xi2_xj
4_6_7_8,x_mean,9,0.9809349725613186,2.085001116917679,3190.5100541284864,5.253202635381024,mother_z_adj_xi2_xj
4_6_7_8,x_mean,10,0.9729818918116527,2.954770767096404,3502.1127480284504,5.253202635381024,mother_x_adj_xi_xj2
4_6_7_8,x_mean,11,0.9729818918116527,2.954770767096404,3504.1127480284504,5.253202635381024,mother_y_adj_xi2_xj
4_6_7_8,x_mean,12,0.973213528843074,2.929438337296026,3498.466746248707,5.253202635381024,mother_x_adj_xj_pow3
4_6_7_8,x_mean,13,0.973213528843074,2.929438337296026,3500.466746248707,5.253202635381024,mother_y_y_y
4_6_7_8,x_mean,14,0.9759764179011666,2.6272815850662887,3405.7981630595505,5.253202635381024,mother_2d_couple_xz_xi2_xj
4_6_7_8,x_mean,15,0.9759764179011666,2.6272815850662887,3407.7981630595505,5.253202635381024,mother_y_adj_xj_pow3
4_6_7_8,x_mean,16,0.9759976480408485,2.624959801628446,3409.0130720192465,5.253202635381024,mother_2d_couple_yz_xi_xj_pow3
4_6_7_8,x_mean,17,0.975997648031298,2.6249598026729246,3411.0130723725847,5.253202635381024,mother_z_z_z
4_6_7_8,x_mean,18,0.9762495842567976,2.5974074000735388,3403.6430837957078,5.253202635381024,mother_3d_couple_prod_sq_xy2z
4_6_7_8,x_mean,19,0.9762495842567976,2.5974074000735388,3405.6430837957078,5.253202635381024,mother_2d_couple_yz_xi_xj_pow2
4_6_7_8,x_mean,20,0.9762497372876136,2.597390664224455,3407.637362135769,5.253202635381024,mother_x_adj_xi_xj_pow2
4_6_7_8,x_half,1,-6.020997364814689,9.79635200935343,4548.459779292023,0.7722741592167441,mother_y_adj_xj
4_6_7_8,x_half,2,-5.00189979557533,8.374411791831545,4411.195422164413,0.7722741592167441,mother_x_adj_xj
4_6_7_8,x_half,3,-1.490138843956652,3.474474551124922,3631.988449207034,0.7722741592167441,mother_y_adj_xj_minus_xi_pow2
4_6_7_8,x_half,4,-1.490138843956652,3.474474551124922,3633.988449207034,0.7722741592167441,mother_y_adj_xj_pow2
4_6_7_8,x_half,5,-1.0321574436000018,2.835456078604987,3455.5109200646366,0.7722741592167441,mother_x
4_6_7_8,x_half,6,-1.0321574436000018,2.835456078604987,3457.5109200646366,0.7722741592167441,mother_y_y_y
4_6_7_8,x_half,7,-1.0321574436000018,2.835456078604987,3459.5109200646366,0.7722741592167441,mother_y_adj_xi2_xj
4_6_7_8,x_half,8,0.545280319229408,0.6344674163721344,2132.0220553845274,0.7722741592167441,mother_x_adj_xj_pow2
4_6_7_8,x_half,9,0.545280319229408,0.6344674163721344,2134.0220553845274,0.7722741592167441,mother_y_adj_xi_xj
4_6_7_8,x_half,10,0.5442481967857945,0.635907530112251,2138.035353194845,0.7722741592167441,mother_2d_couple_yz_xi_xj2
4_6_7_8,x_half,11,0.5013428851995965,0.6957730326227308,2219.929019318271,0.7722741592167441,mother_x_adj_xj_minus_xi_pow2
4_6_7_8,x_half,12,0.5013428851995965,0.6957730326227308,2221.929019318271,0.7722741592167441,mother_y_adj_xi_xj_pow3
4_6_7_8,x_half,13,0.5038698204606149,0.6922472162699372,2219.4176562341977,0.7722741592167441,mother_2d_couple_xy_xi2_xj
4_6_7_8,x_half,14,0.5199681157058949,0.669785369501045,2192.1262447629842,0.7722741592167441,mother_2d_couple_yz_xj_minus_xi_pow2
4_6_7_8,x_half,15,0.5199681113247316,0.6697853756140537,2194.126252867598,0.7722741592167441,mother_z_z
4_6_7_8,x_half,16,0.5227308665914074,0.6659305211394336,2191.000731361991,0.7722741592167441,mother_2d_couple_xz_xi2_xj
4_6_7_8,x_half,17,0.526331490120995,0.6609065945210064,2186.276065455906,0.7722741592167441,mother_x_x_x
4_6_7_8,x_half,18,0.5339757960568853,0.6502405441119207,2173.8281649541677,0.7722741592167441,mother_x_adj_xi_xj_pow2
4_6_7_8,x_half,19,0.5350403778754318,0.6487551400168409,2173.7973046095626,0.7722741592167441,mother_y_adj_xj_pow3
4_6_7_8,x_half,20,0.5425437107723151,0.638285788373213,2161.350228194641,0.7722741592167441,mother_z_adj_xj_pow3
4_6_7_8,y_mean,1,0.5756456522989846,0.952226408169069,2478.5650604732036,0.7296897803152862,mother_x_adj_xj
4_6_7_8,y_mean,2,0.5756456522989846,0.952226408169069,2480.5650604732036,0.7296897803152862,mother_y_adj_xi_xj
4_6_7_8,y_mean,3,0.7202152264779027,0.62782071491595,2112.6702674725484,0.7296897803152862,mother_x
4_6_7_8,y_mean,4,0.7202152264779027,0.62782071491595,2114.6702674725484,0.7296897803152862,mother_y
4_6_7_8,y_mean,5,0.870270556567232,0.2911053053256169,1434.1804944410578,0.7296897803152862,mother_2d_couple_yz_xi_xj
4_6_7_8,y_mean,6,0.870270556567232,0.2911053053256169,1436.1804944410578,0.7296897803152862,mother_y_adj_xi2_xj
4_6_7_8,y_mean,7,0.9308518253327578,0.15516447127631933,879.4514127415091,0.7296897803152862,mother_z
4_6_7_8,y_mean,8,0.9352183421754372,0.1453662621337943,823.5279221941232,0.7296897803152862,mother_x_adj_xi_xj
4_6_7_8,y_mean,9,0.9352725534519905,0.14524461519077542,824.7845054803071,0.7296897803152862,mother_x_adj_xj_pow2
4_6_7_8,y_mean,10,0.9352725534519905,0.14524461519077542,826.7845054803071,0.7296897803152862,mother_2d_couple_xy_xi_xj2
4_6_7_8,y_mean,11,0.9352725534519905,0.14524461519077542,828.7845054803071,0.7296897803152862,mother_y_adj_xi_xj_pow3
4_6_7_8,y_mean,12,0.9360185515782625,0.1435706389015509,820.490675291627,0.7296897803152862,mother_z_z_z
4_6_7_8,y_mean,13,0.9360185511042846,0.14357063996512975,822.490681869978,0.7296897803152862,mother_y_adj_xj_pow3
4_6_7_8,y_mean,14,0.9415035889351981,0.1312625349564302,744.9012156265418,0.7296897803152862,mother_2d_couple_yz_xi_xj2
4_6_7_8,y_mean,15,0.922909628808674,0.1729862970925818,992.0007440527486,0.7296897803152862,mother_2d_couple_xz_xi2_xj
4_6_7_8,y_mean,16,0.9286678807249396,0.16006511561002168,925.0638132803258,0.7296897803152862,mother_x_adj_xj_pow3
4_6_7_8,y_mean,17,0.9355397497104898,0.14464504236941647,837.111235940148,0.7296897803152862,mother_x_adj_xi_xj2
4_6_7_8,y_mean,18,0.9369158926873005,0.1415570577852248,819.9482967162932,0.7296897803152862,mother_2d_couple_xy_xi_xj_pow2
4_6_7_8,y_mean,19,0.9364771808854943,0.14254150148308833,828.1024250922857,0.7296897803152862,mother_2d_couple_yz_xi_xj_pow3
4_6_7_8,y_mean,20,0.9364771808854943,0.14254150148308833,830.1024250922857,0.7296897803152862,mother_3d_couple_prod_sq_xy2z
4_6_7_8,y_half,1,-5.054175242392555,8.11540724435613,4381.297607834535,0.7363911081116968,mother_y_adj_xj
4_6_7_8,y_half,2,-5.054175242392555,8.11540724435613,4383.297607834535,0.7363911081116968,mother_x_adj_xj
4_6_7_8,y_half,3,-5.054175242392555,8.11540724435613,4385.297607834535,0.7363911081116968,mother_y_adj_xi2_xj
4_6_7_8,y_half,4,-2.277343709352751,4.393163034807599,3842.3187702924865,0.7363911081116968,mother_y_adj_xj_minus_xi_pow2
4_6_7_8,y_half,5,-2.08507396693585,4.135432262570491,3790.632407107863,0.7363911081116968,mother_x_adj_xi_xj
4_6_7_8,y_half,6,0.027308089213645803,1.3038590168398612,2767.6464024358747,0.7363911081116968,mother_x_adj_xj_pow2
4_6_7_8,y_half,7,0.02746206267934337,1.3036526208686625,2769.5058242538585,0.7363911081116968,mother_y_adj_xj_pow2
4_6_7_8,y_half,8,0.46142513548009545,0.7219405091791945,2246.7132987918167,0.7363911081116968,mother_2d_couple_xz_xi_xj
4_6_7_8,y_half,9,0.46634177858612413,0.715349923429184,2240.5695290543044,0.7363911081116968,mother_y_adj_xj_pow3
4_6_7_8,y_half,10,0.5217813702488749,0.6410351165742983,2145.1669518823646,0.7363911081116968,mother_x_adj_xj_minus_xi_pow2
4_6_7_8,y_half,11,0.7939889853335638,0.2761504604515624,1399.34807423859,0.7363911081116968,mother_z_adj_xi_xj2
4_6_7_8,y_half,12,0.8268563994528011,0.2320928572327462,1247.006281229635,0.7363911081116968,mother_2d_couple_xz_xi_xj2
4_6_7_8,y_half,13,0.8264071942055089,0.23269500093888665,1251.3071326860481,0.7363911081116968,mother_3d_couple_prod_xyz
4_6_7_8,y_half,14,0.8264071942055089,0.23269500093888665,1253.3071326860481,0.7363911081116968,mother_y_adj_xi_xj_pow3
4_6_7_8,y_half,15,0.8206245411666754,0.240446442296967,1284.4058132109303,0.7363911081116968,mother_2d_couple_xy_xj_minus_xi_pow2
4_6_7_8,y_half,16,0.8254522685687332,0.23397504489536922,1262.1785912001874,0.7363911081116968,mother_x_adj_xi_xj_pow2
4_6_7_8,y_half,17,0.8361341766013384,0.2196563259352137,1208.1011302631491,0.7363911081116968,mother_x_adj_xj_pow3
4_6_7_8,y_half,18,0.8459631925619079,0.20648087855589822,1155.1726828007525,0.7363911081116968,mother_x_adj_xi_xj2
4_6_7_8,y_half,19,0.8466204962015071,0.20559978633359288,1153.3753142154726,0.7363911081116968,mother_3d_couple_prod_sq_xy2z
4_6_7_8,y_half,20,0.8465931206969429,0.2056364822267846,1155.5337922279048,0.7363911081116968,mother_2d_couple_yz_xi_xj_pow3
4_6_7_8,z_mean,1,0.9567416277807581,1.7414581232443564,3014.6286495486743,1.5594289365600325,mother_z
4_6_7_8,z_mean,2,0.9567416277807581,1.7414581232443564,3016.6286495486743,1.5594289365600325,mother_y_y
4_6_7_8,z_mean,3,0.9567416277807581,1.7414581232443564,3018.6286495486743,1.5594289365600325,mother_y_adj_xj
4_6_7_8,z_mean,4,0.9567416277807581,1.7414581232443564,3020.6286495486743,1.5594289365600325,mother_y_y_y
4_6_7_8,z_mean,5,0.9600194836878523,1.6095010360173334,2952.6555382870574,1.5594289365600325,mother_x
4_6_7_8,z_mean,6,0.9600194836878523,1.6095010360173334,2954.6555382870574,1.5594289365600325,mother_y_adj_xi2_xj
4_6_7_8,z_mean,7,0.9600194836878523,1.6095010360173334,2956.6555382870574,1.5594289365600325,mother_2d_couple_yz_xi_xj
4_6_7_8,z_mean,8,0.9600194836878523,1.6095010360173334,2958.6555382870574,1.5594289365600325,mother_y_adj_xi_xj
4_6_7_8,z_mean,9,0.9832677241123696,0.6735934865324983,2187.1607396363333,1.5594289365600325,mother_y_adj_xj_pow2
4_6_7_8,z_mean,10,0.9837064722058685,0.6559307453731865,2165.5651757520873,1.5594289365600325,mother_x_adj_xi_xj
4_6_7_8,z_mean,11,0.9837147339376506,0.6555981517228485,2167.1147957894573,1.5594289365600325,mother_y_adj_xj_minus_xi_pow2
4_6_7_8,z_mean,12,0.9837147339376506,0.6555981517228485,2169.1147957894573,1.5594289365600325,mother_z_z
4_6_7_8,z_mean,13,0.9867359756395346,0.5339716171559676,1988.8924525403709,1.5594289365600325,mother_x_adj_xj_pow2
4_6_7_8,z_mean,14,0.9852580796436692,0.5934674755360833,2084.700528584704,1.5594289365600325,mother_2d_couple_yz_xi_xj_pow2
4_6_7_8,z_mean,15,0.9840237317773388,0.6431587840262827,2158.103920225757,1.5594289365600325,mother_2d_couple_xz_xi2_xj
4_6_7_8,z_mean,16,0.9897788270174842,0.4114751389459435,1763.4849063510906,1.5594289365600325,mother_z_adj_xi_xj2
4_6_7_8,z_mean,17,0.9908132677672032,0.36983151820396987,1670.7343678406378,1.5594289365600325,mother_2d_couple_xz_xi_xj2
4_6_7_8,z_mean,18,0.98743997062653,0.5056307960401666,1950.4645420055108,1.5594289365600325,mother_2d_couple_xy_xj_minus_xi_pow2
4_6_7_8,z_mean,19,0.9874410428350494,0.5055876319972252,1952.388733121708,1.5594289365600325,mother_z_adj_xi2_xj
4_6_7_8,z_mean,20,0.9876402979594756,0.4975661915863074,1940.187140628265,1.5594289365600325,mother_z_adj_xj_pow3
4_6_7_8,z_half,1,-1.4405175869561568,6.64758644066884,4204.1322515833235,19.011417434592296,mother_y_adj_xi2_xj
4_6_7_8,z_half,2,-1.4405175869561568,6.64758644066884,4206.1322515833235,19.011417434592296,mother_y_y_y
4_6_7_8,z_half,3,-0.4849488828661721,4.04476743441097,3766.94739516715,19.011417434592296,mother_x_adj_xi_xj
4_6_7_8,z_half,4,0.451911653283697,1.4929065381020552,2883.878560851901,19.011417434592296,mother_2d_couple_xz_xi_xj
4_6_7_8,z_half,5,0.6264481597077678,1.0174965186424387,2545.4373875317474,19.011417434592296,mother_z_adj_xj_pow2
4_6_7_8,z_half,6,0.6264481597077678,1.0174965186424387,2547.4373875317474,19.011417434592296,mother_y_adj_xj_pow3
4_6_7_8,z_half,7,0.8108668065169296,0.5151691015046317,1945.0598841285582,19.011417434592296,mother_x_x
4_6_7_8,z_half,8,0.8108668065169296,0.5151691015046317,1947.0598841285582,19.011417434592296,mother_3d_couple_prod_xyz
4_6_7_8,z_half,9,0.8108668065169296,0.5151691015046317,1949.0598841285582,19.011417434592296,mother_2d_couple_yz_xi_xj2
4_6_7_8,z_half,10,0.8332677661908743,0.45415240710243726,1839.1165093069817,19.011417434592296,mother_x_adj_xj_pow2
4_6_7_8,z_half,11,0.8332677661908743,0.45415240710243726,1841.1165093069817,19.011417434592296,mother_y_adj_xi_xj_pow3
4_6_7_8,z_half,12,0.8646096586563038,0.36878201661984145,1658.2108342470387,19.011417434592296,mother_x_adj_xi2_xj
4_6_7_8,z_half,13,0.8650961074238195,0.3674570066103662,1657.0145620538872,19.011417434592296,mother_z_z_z
4_6_7_8,z_half,14,0.8789110548626838,0.3298272604598021,1563.077476297337,19.011417434592296,mother_x_adj_xi_xj_pow2
4_6_7_8,z_half,15,0.8789110548626838,0.3298272604598021,1565.077476297337,19.011417434592296,mother_2d_couple_xz_xi_xj2
4_6_7_8,z_half,16,0.8774935731568102,0.3336882579048619,1577.4121386678896,19.011417434592296,mother_x_adj_xj_pow3
4_6_7_8,z_half,17,0.8774935731568102,0.3336882579048619,1579.4121386678896,19.011417434592296,mother_3d_couple_prod_sq_xy2z
4_6_7_8,z_half,18,0.8943771929737294,0.28769993036146513,1449.7313565476825,19.011417434592296,mother_2d_couple_xz_xj_minus_xi_pow2
4_6_7_8,z_half,19,0.8959056530809182,0.2835366451886984,1438.7872880038813,19.011417434592296,mother_2d_couple_xy_xi_xj_pow3
4_6_7_8,z_half,20,0.8936395740870791,0.28970908831037157,1459.911168090475,19.011417434592296,mother_x_adj_xi_xj_pow3
8_to_12,x_mean,1,-0.601637934143286,131.27922094814076,6729.65752079798,463.4735470547498,mother_x
8_to_12,x_mean,2,-0.601637934143286,131.27922094814076,6731.65752079798,463.4735470547498,mother_y_adj_xj
8_to_12,x_mean,3,-0.601637934143286,131.27922094814076,6733.65752079798,463.4735470547498,mother_x_adj_xj
8_to_12,x_mean,4,-0.601637934143286,131.27922094814076,6735.65752079798,463.4735470547498,mother_y
8_to_12,x_mean,5,-0.601637934143286,131.27922094814076,6737.65752079798,463.4735470547498,mother_y_adj_xi_xj
8_to_12,x_mean,6,0.08283169834662418,75.1762539788926,6253.525279021009,463.4735470547498,mother_x_adj_xi_xj
8_to_12,x_mean,7,0.08283169834662418,75.1762539788926,6255.525279021009,463.4735470547498,mother_y_adj_xi2_xj
8_to_12,x_mean,8,0.08283169834662418,75.1762539788926,6257.525279021009,463.4735470547498,mother_y_adj_xi_xj2
8_to_12,x_mean,9,0.08283169834662418,75.1762539788926,6259.525279021009,463.4735470547498,mother_2d_couple_xy_xi_xj2
8_to_12,x_mean,10,0.08283169834662418,75.1762539788926,6261.525279021009,463.4735470547498,mother_2d_couple_xy_xi2_xj
8_to_12,x_mean,11,0.1705200284031363,67.98882702635859,6175.896232094312,463.4735470547498,mother_z_adj_xj_pow3
8_to_12,x_mean,12,0.4829219206888202,42.38261717848385,5765.7846047154535,463.4735470547498,mother_x_adj_xj_pow3
8_to_12,x_mean,13,0.4829219206888202,42.38261717848385,5767.7846047154535,463.4735470547498,mother_z_adj_xi_xj2
8_to_12,x_mean,14,0.8456628829354615,12.650335047447744,4715.488988995239,463.4735470547498,mother_2d_couple_xy_xj_minus_xi_pow2
8_to_12,x_mean,15,0.9130986406148046,7.122922425988345,4216.6421801379465,463.4735470547498,mother_x_adj_xi_xj2
8_to_12,x_mean,16,0.9128573147405665,7.1427028470742995,4221.06037603344,463.4735470547498,mother_2d_couple_xz_xi_xj_pow3
8_to_12,x_mean,17,0.912857374692633,7.142697933066956,4223.059776118258,463.4735470547498,mother_z_adj_xi_xj_pow3
8_to_12,x_mean,18,0.9202214725785688,6.539095200612558,4148.069361933738,463.4735470547498,mother_3d_couple_prod_sq_xyz2
8_to_12,x_mean,19,0.9202214725785688,6.539095200612558,4150.069361933738,463.4735470547498,mother_2d_couple_xz_xi_xj
8_to_12,x_mean,20,0.9202214725785688,6.539095200612558,4152.069361933738,463.4735470547498,mother_2d_couple_xz_xj_minus_xi_pow2
8_to_12,x_half,1,-5.368448082022949,11.25809109092626,4587.816734122518,19.452691717098425,mother_y_adj_xi_xj
8_to_12,x_half,2,-5.368448082022949,11.25809109092626,4589.816734122518,19.452691717098425,mother_z_adj_xj
8_to_12,x_half,3,-3.8689823646918926,8.607347704780635,4357.710148153745,19.452691717098425,mother_2d_couple_yz_xi_xj
8_to_12,x_half,4,-0.2530969053977161,2.2152145899639692,3176.173373327234,19.452691717098425,mother_y_adj_xj_minus_xi_pow2
8_to_12,x_half,5,-0.3158322765981041,2.3261176725518213,3220.7717625246414,19.452691717098425,mother_z_adj_xj_pow2
8_to_12,x_half,6,-0.3158257193710641,2.3261060807388128,3222.7674170496693,19.452691717098425,mother_y_adj_xj_pow3
8_to_12,x_half,7,0.02037214515996122,1.7317782107904922,2967.4865102735484,19.452691717098425,mother_x_adj_xj_pow2
8_to_12,x_half,8,0.19582625557841482,1.4216118512743863,2797.390845504101,19.452691717098425,mother_x_adj_xj_minus_xi_pow2
8_to_12,x_half,9,0.1958264773627113,1.421611459205898,2799.3906050138653,19.452691717098425,mother_y_y_y
8_to_12,x_half,10,0.46413783086325633,0.9472928152389788,2447.4125912330837,19.452691717098425,mother_z_adj_xi_xj2
8_to_12,x_half,11,0.4641387252897913,0.9472912340789733,2449.41113574577,19.452691717098425,mother_2d_couple_xz_xi_xj
8_to_12,x_half,12,0.4641387252897913,0.9472912340789733,2451.41113574577,19.452691717098425,mother_2d_couple_xy_xi_xj
8_to_12,x_half,13,0.4641387252897913,0.9472912340789733,2453.41113574577,19.452691717098425,mother_y_y
8_to_12,x_half,14,0.4757090825760758,0.9268372499048295,2436.3766004286426,19.452691717098425,mother_x_adj_xj_pow3
8_to_12,x_half,15,0.4757090825760758,0.9268372499048295,2438.3766004286426,19.452691717098425,mother_z_adj_xi2_xj
8_to_12,x_half,16,0.4757090825760758,0.9268372499048295,2440.3766004286426,19.452691717098425,mother_x_adj_xi_xj
8_to_12,x_half,17,0.4757083051080665,0.9268386243064979,2442.377893511507,19.452691717098425,mother_z_adj_xj_pow3
8_to_12,x_half,18,0.4931767448653662,0.8959580575701246,2414.82941882332,19.452691717098425,mother_x_adj_xi2_xj
8_to_12,x_half,19,0.4931767448653662,0.8959580575701246,2416.82941882332,19.452691717098425,mother_y_adj_xi_xj_pow3
8_to_12,x_half,20,0.44062160252827576,0.9888646137839919,2504.8642777917003,19.452691717098425,mother_2d_couple_yz_xi_xj_pow3
8_to_12,y_mean,1,0.8175445020101664,2.997604173515615,3433.922052510916,1.708034213067775,mother_y
8_to_12,y_mean,2,0.9190124112757672,1.3305640917230883,2727.674601717162,1.708034213067775,mother_z
8_to_12,y_mean,3,0.9190124112757672,1.3305640917230883,2729.674601717162,1.708034213067775,mother_y_adj_xi_xj
8_to_12,y_mean,4,0.9144496083756535,1.405527450827081,2779.468625888518,1.708034213067775,mother_z_adj_xj_minus_xi
8_to_12,y_mean,5,0.8056957083135637,3.19227078442827,3496.7875490627357,1.708034213067775,mother_y_y_y
8_to_12,y_mean,6,0.8736578950615677,2.075704077030854,3123.4507597431684,1.708034213067775,mother_2d_couple_yz_xi_xj2
8_to_12,y_mean,7,0.8736577786630747,2.0757059893689984,3125.451563113029,1.708034213067775,mother_z_adj_xi2_xj
8_to_12,y_mean,8,0.8911097150442865,1.788984033009184,2997.8257527405754,1.708034213067775,mother_x_x
8_to_12,y_mean,9,0.9474835013583153,0.8628058745344737,2363.9516372477815,1.708034213067775,mother_z_adj_xi_xj2
8_to_12,y_mean,10,0.9654371655152605,0.567840914861099,2001.1518122554266,1.708034213067775,mother_x_adj_xj_pow2
8_to_12,y_mean,11,0.9664044475440394,0.5519492115231391,1978.399860226829,1.708034213067775,mother_2d_couple_xy_xi_xj
8_to_12,y_mean,12,0.9664038181514715,0.551959551961269,1980.4161964719024,1.708034213067775,mother_2d_couple_yz_xi2_xj
8_to_12,y_mean,13,0.9765502059002898,0.3852621676837041,1668.8879768338334,1.708034213067775,mother_y_adj_xi_xj2
8_to_12,y_mean,14,0.977438745660567,0.3706641395448658,1637.2046318329594,1.708034213067775,mother_2d_couple_xy_xi2_xj
8_to_12,y_mean,15,0.9782424259282304,0.35746028791495016,1607.5753648743657,1.708034213067775,mother_3d_couple_prod_xyz
8_to_12,y_mean,16,0.9782423751433563,0.3574611222715597,1609.577400228051,1.708034213067775,mother_x_adj_xi_xj
8_to_12,y_mean,17,0.9782423355454988,0.3574617728340492,1611.5789872257387,1.708034213067775,mother_y_adj_xj_pow3
8_to_12,y_mean,18,0.9777647492331748,0.3653081503825964,1632.5125643022252,1.708034213067775,mother_x_adj_xj_pow3
8_to_12,y_mean,19,0.9777778807450596,0.3650924096936943,1633.9974335740283,1.708034213067775,mother_x_adj_xi_xj2
8_to_12,y_mean,20,0.9776895470838527,0.36654366413333944,1639.4567915154107,1.708034213067775,mother_2d_couple_yz_xi_xj_pow2
8_to_12,y_half,1,0.05806707993849092,2.623139619894311,3317.5611236087175,1.6898854933653131,mother_z
8_to_12,y_half,2,0.05806707993849092,2.623139619894311,3319.5611236087175,1.6898854933653131,mother_y_adj_xj
8_to_12,y_half,3,0.33992853944903245,1.8381984144047985,3011.4901671918706,1.6898854933653131,mother_x_adj_xj
8_to_12,y_half,4,0.853564453947054,0.4078006771302325,1700.4650668433815,1.6898854933653131,mother_2d_couple_yz_xj_minus_xi_pow2
8_to_12,y_half,5,0.8567202924792097,0.3990121478078408,1683.4671023529245,1.6898854933653131,mother_2d_couple_yz_xi_xj
8_to_12,y_half,6,0.8567204196112803,0.3990117937644007,1685.466328627066,1.6898854933653131,mother_z_adj_xi2_xj
8_to_12,y_half,7,0.8567204177409442,0.3990117989730017,1687.466340009938,1.6898854933653131,mother_y_y
8_to_12,y_half,8,0.8567204176825621,0.3990117991355868,1689.4663403652512,1.6898854933653131,mother_z_adj_xj_minus_xi
8_to_12,y_half,9,0.8567204176825621,0.3990117991355868,1691.4663403652512,1.6898854933653131,mother_y_adj_xi_xj
8_to_12,y_half,10,0.8567203993942225,0.3990118500658252,1693.4664516681376,1.6898854933653131,mother_y_adj_xi2_xj
8_to_12,y_half,11,0.876463014758663,0.3440316752998599,1566.1860133716532,1.6898854933653131,mother_x_adj_xj_pow3
8_to_12,y_half,12,0.8770258417062549,0.34246428803275375,1564.2041572651592,1.6898854933653131,mother_x_adj_xj_pow2
8_to_12,y_half,13,0.8814496688742526,0.33014460361702913,1534.257013736103,1.6898854933653131,mother_3d_couple_prod_xyz
8_to_12,y_half,14,0.9146964826375329,0.23755729452073712,1249.2627022928828,1.6898854933653131,mother_z_adj_xi_xj2
8_to_12,y_half,15,0.913458145705621,0.2410058741379185,1263.8303785235348,1.6898854933653131,mother_2d_couple_xz_xi_xj2
8_to_12,y_half,16,0.9129088227595991,0.2425356548188327,1271.3478909788864,1.6898854933653131,mother_2d_couple_xz_xi2_xj
8_to_12,y_half,17,0.9136251663391656,0.24054074712955148,1266.1458443184652,1.6898854933653131,mother_z_adj_xi_xj_pow2
8_to_12,y_half,18,0.9136251729925781,0.2405407286008118,1268.145777148716,1.6898854933653131,mother_y_y_y
8_to_12,y_half,19,0.9148045621329715,0.237256309598621,1258.1571784200914,1.6898854933653131,mother_2d_couple_xy_xi_xj_pow2
8_to_12,y_half,20,0.9159597807871673,0.23403920171660295,1248.2522840224822,1.6898854933653131,mother_2d_couple_yz_xi_xj_pow3
8_to_12,z_mean,1,0.8825568601577073,2.993643691828206,3432.769190665743,2.405237741445569,mother_z
8_to_12,z_mean,2,0.8825568601577073,2.993643691828206,3434.769190665743,2.405237741445569,mother_y
8_to_12,z_mean,3,0.886046559137853,2.904690728272214,3410.465878562627,2.405237741445569,mother_x_adj_xj_minus_xi
8_to_12,z_mean,4,0.8979557715848546,2.601123071919675,3316.2113616906136,2.405237741445569,mother_z_adj_xj_minus_xi
8_to_12,z_mean,5,0.8979557715848546,2.601123071919675,3318.2113616906136,2.405237741445569,mother_z_adj_xj
8_to_12,z_mean,6,0.9575977342424797,1.0808402736394809,2554.4170091522783,2.405237741445569,mother_2d_couple_yz_xj_minus_xi_pow2
8_to_12,z_mean,7,0.9613164629678632,0.9860493066633464,2476.3781446527046,2.405237741445569,mother_y_adj_xj_pow2
8_to_12,z_mean,8,0.9490195083479067,1.2995005706210698,2719.0753742978754,2.405237741445569,mother_z_adj_xi2_xj
8_to_12,z_mean,9,0.9421804819556774,1.473828404880582,2830.8456626339935,2.405237741445569,mother_x_adj_xj_pow2
8_to_12,z_mean,10,0.9107944990478354,2.273861934894003,3210.9590818562947,2.405237741445569,mother_2d_couple_yz_xi2_xj
8_to_12,z_mean,11,0.9107944990478354,2.273861934894003,3212.9590818562947,2.405237741445569,mother_y_adj_xi2_xj
8_to_12,z_mean,12,0.9210795001956593,2.0116956742850434,3108.1376052402957,2.405237741445569,mother_z_z_z
8_to_12,z_mean,13,0.923324607466782,1.9544675447518958,3084.9715241334507,2.405237741445569,mother_2d_couple_xz_xi2_xj
8_to_12,z_mean,14,0.9610572552102494,0.9926565522589199,2496.2016879017647,2.405237741445569,mother_z_adj_xi_xj2
8_to_12,z_mean,15,0.9680063022578101,0.8155242745789937,2326.8069946735923,2.405237741445569,mother_x_adj_xi_xj
8_to_12,z_mean,16,0.9680062709130064,0.8155250735628601,2328.807848987328,2.405237741445569,mother_y_adj_xj_pow3
8_to_12,z_mean,17,0.9680060897131952,0.8155296923739048,2330.812787636006,2.405237741445569,mother_y_adj_xi_xj2
8_to_12,z_mean,18,0.9687417762213936,0.796776930165842,2312.5273830311435,2.405237741445569,mother_x_adj_xi2_xj
8_to_12,z_mean,19,0.9691277868612591,0.7869374596053325,2303.6919334278664,2.405237741445569,mother_x_adj_xj_pow3
8_to_12,z_mean,20,0.9691277632575351,0.786938061267885,2305.692600125759,2.405237741445569,mother_2d_couple_xy_xi_xj
8_to_12,z_half,1,-3.1377569968360683,11.85387755075084,4632.783991146385,0.6707101441804325,mother_z_adj_xj
8_to_12,z_half,2,-2.2836053396142306,9.406897420641544,4433.167262152836,0.6707101441804325,mother_y_adj_xi_xj
8_to_12,z_half,3,-1.9183925631666727,8.36063309547953,4332.3505836333325,0.6707101441804325,mother_z_adj_xi_xj
8_to_12,z_half,4,0.6799228659978316,0.9169593951887869,2407.033301380562,0.6707101441804325,mother_z_adj_xj_pow2
8_to_12,z_half,5,0.7824565745741247,0.6232200510907356,2072.2987095218073,0.6707101441804325,mother_2d_couple_xz_xi_xj
8_to_12,z_half,6,0.7842238615473904,0.6181571139984541,2067.185793724795,0.6707101441804325,mother_2d_couple_yz_xi_xj
8_to_12,z_half,7,0.7842439200876756,0.6180996501404822,2069.1047288754185,0.6707101441804325,mother_y_y
8_to_12,z_half,8,0.7911477165403737,0.5983216018287595,2042.7461678755444,0.6707101441804325,mother_2d_couple_xy_xi_xj
8_to_12,z_half,9,0.7971614474745692,0.5810934199486677,2019.2690576591028,0.6707101441804325,mother_x_adj_xj_pow2
8_to_12,z_half,10,0.8062634555058806,0.5550179184748938,1981.2345463601437,0.6707101441804325,mother_z_adj_xi2_xj
8_to_12,z_half,11,0.8224773284256731,0.5085682926603238,1907.0209701831723,0.6707101441804325,mother_x_x
8_to_12,z_half,12,0.8230724649863386,0.5068633409385339,1906.0927192811546,0.6707101441804325,mother_z_z
8_to_12,z_half,13,0.8231138883584803,0.5067446709486133,1907.88853732823,0.6707101441804325,mother_y_y_y
8_to_12,z_half,14,0.8231139252900058,0.5067445651468998,1909.888355265923,0.6707101441804325,mother_x_adj_xi_xj
8_to_12,z_half,15,0.8227982386029724,0.5076489467563943,1913.4432172857864,0.6707101441804325,mother_z_adj_xj_minus_xi_pow2
8_to_12,z_half,16,0.8223837828900225,0.5088362826186199,1917.4803493814127,0.6707101441804325,mother_x_adj_xj_minus_xi_pow2
8_to_12,z_half,17,0.8231706397589005,0.5065820891073094,1915.608723604914,0.6707101441804325,mother_z_adj_xj_pow3
8_to_12,z_half,18,0.8226938262306458,0.5079480681106183,1919.9568734399638,0.6707101441804325,mother_2d_couple_yz_xi_xj2
8_to_12,z_half,19,0.8300551640879765,0.4868592517211522,1884.9804600875736,0.6707101441804325,mother_2d_couple_xz_xi2_xj
8_to_12,z_half,20,0.8300479892085768,0.48687980636994144,1887.0172741674814,0.6707101441804325,mother_2d_couple_xy_xj_minus_xi_pow2
12_to_14,x_mean,1,-0.03570502250444729,58.12313398034551,3010.5922002395882,25807.389433351404,mother_x
12_to_14,x_mean,2,-0.03570502250444729,58.12313398034551,3012.5922002395882,25807.389433351404,mother_x_adj_xj
12_to_14,x_mean,3,-0.03570502250444729,58.12313398034551,3014.5922002395882,25807.389433351404,mother_z_adj_xj
12_to_14,x_mean,4,-0.03570502250444729,58.12313398034551,3016.5922002395882,25807.389433351404,mother_z_adj_xj_pow2
12_to_14,x_mean,5,-0.03570502250444729,58.12313398034551,3018.5922002395882,25807.389433351404,mother_2d_couple_xz_xi_xj
12_to_14,x_mean,6,-0.03570502250444729,58.12313398034551,3020.5922002395882,25807.389433351404,mother_y_adj_xj_pow3
12_to_14,x_mean,7,-0.03570502250444729,58.12313398034551,3022.5922002395882,25807.389433351404,mother_y_adj_xi2_xj
12_to_14,x_mean,8,-0.03570502250444729,58.12313398034551,3024.5922002395882,25807.389433351404,mother_x_adj_xj_minus_xi
12_to_14,x_mean,9,-0.03570502250444729,58.12313398034551,3026.5922002395882,25807.389433351404,mother_x_x_x
12_to_14,x_mean,10,-0.03570502250444729,58.12313398034551,3028.5922002395882,25807.389433351404,mother_2d_couple_xz_xj_minus_xi_pow2
12_to_14,x_mean,11,-0.03570502250444729,58.12313398034551,3030.5922002395882,25807.389433351404,mother_x_adj_xj_pow3
12_to_14,x_mean,12,-0.03570502250444729,58.12313398034551,3032.5922002395882,25807.389433351404,mother_x_adj_xi2_xj
12_to_14,x_mean,13,-0.03570502250444729,58.12313398034551,3034.5922002395882,25807.389433351404,mother_2d_couple_yz_xi2_xj
12_to_14,x_mean,14,-0.03570502250444729,58.12313398034551,3036.5922002395882,25807.389433351404,mother_3d_couple_prod_xyz
12_to_14,x_mean,15,0.2770626351999038,40.5708038492142,2881.843630188877,25807.389433351404,mother_2d_couple_xy_xi_xj_pow3
12_to_14,x_mean,16,0.8118326993374787,10.559834112497722,2296.991501086849,25807.389433351404,mother_2d_couple_xz_xi_xj_pow3
12_to_14,x_mean,17,0.8118326993374787,10.559834112497722,2298.991501086849,25807.389433351404,mother_3d_couple_prod_sq_xyz2
12_to_14,x_mean,18,0.8118326993374787,10.559834112497722,2300.991501086849,25807.389433351404,mother_2d_couple_xy_xi_xj2
12_to_14,x_mean,19,0.8118326993374787,10.559834112497722,2302.991501086849,25807.389433351404,mother_2d_couple_xy_xj_minus_xi_pow2
12_to_14,x_mean,20,0.8118326993374787,10.559834112497722,2304.991501086849,25807.389433351404,mother_2d_couple_xy_xi_xj_pow2
12_to_14,x_half,1,-30.133534777455164,14.65412662330024,2409.8531827389265,163.86804555073678,mother_y_adj_xj
12_to_14,x_half,2,-30.133534777455164,14.65412662330024,2411.8531827389265,163.86804555073678,mother_y
12_to_14,x_half,3,-30.133534777455164,14.65412662330024,2413.8531827389265,163.86804555073678,mother_y_adj_xj_minus_xi
12_to_14,x_half,4,-6.620749771606648,3.586982105176124,1802.2220884003218,163.86804555073678,mother_x_adj_xj_pow2
12_to_14,x_half,5,-6.620749771606648,3.586982105176124,1804.2220884003218,163.86804555073678,mother_y_adj_xj_pow2
12_to_14,x_half,6,-4.811936907636788,2.735598767693258,1688.0831490947758,163.86804555073678,mother_x_adj_xj_minus_xi_pow2
12_to_14,x_half,7,-4.811936907636788,2.735598767693258,1690.0831490947758,163.86804555073678,mother_y_y
12_to_14,x_half,8,-4.811936907636788,2.735598767693258,1692.0831490947758,163.86804555073678,mother_y_adj_xi2_xj
12_to_14,x_half,9,-4.811936907636788,2.735598767693258,1694.0831490947758,163.86804555073678,mother_x_adj_xi_xj
12_to_14,x_half,10,-4.811936907636788,2.735598767693258,1696.0831490947758,163.86804555073678,mother_y_adj_xj_pow3
12_to_14,x_half,11,-4.811936907636788,2.735598767693258,1698.0831490947758,163.86804555073678,mother_z_adj_xj_pow2
12_to_14,x_half,12,-4.811936907636788,2.735598767693258,1700.0831490947758,163.86804555073678,mother_y_adj_xj_minus_xi_pow2
12_to_14,x_half,13,-4.812084383798522,2.735668182694266,1702.0942123240848,163.86804555073678,mother_y_adj_xi_xj_pow3
12_to_14,x_half,14,-3.682794157899287,2.204126805106578,1609.8989016933606,163.86804555073678,mother_z_adj_xi_xj_pow3
12_to_14,x_half,15,-3.682794157899287,2.204126805106578,1611.8989016933606,163.86804555073678,mother_3d_couple_prod_sq_xyz2
12_to_14,x_half,16,-5.190465318433912,2.91376688454822,1735.5931648288044,163.86804555073678,mother_2d_couple_xy_xi_xj_pow3
12_to_14,x_half,17,-5.190465318433912,2.91376688454822,1737.5931648288044,163.86804555073678,mother_3d_couple_prod_sq_xy2z
12_to_14,x_half,18,-5.190465318433912,2.91376688454822,1739.5931648288044,163.86804555073678,mother_x
12_to_14,x_half,19,-5.190465318433912,2.91376688454822,1741.5931648288044,163.86804555073678,mother_2d_couple_xz_xj_minus_xi_pow2
12_to_14,x_half,20,-5.190465318433912,2.91376688454822,1743.5931648288044,163.86804555073678,mother_2d_couple_xy_xi_xj2
12_to_14,y_mean,1,-1.6341354440390918,7.43575955861942,2114.0615212236235,160.7097072414317,mother_y
12_to_14,y_mean,2,-1.6341354440390918,7.43575955861942,2116.0615212236235,160.7097072414317,mother_z_adj_xj_pow2
12_to_14,y_mean,3,-1.6341354440390918,7.43575955861942,2118.0615212236235,160.7097072414317,mother_2d_couple_xy_xi_xj
12_to_14,y_mean,4,-0.5912873663275404,4.491959694577016,1900.312432912447,160.7097072414317,mother_y_adj_xi_xj2
12_to_14,y_mean,5,-0.5912873663275404,4.491959694577016,1902.312432912447,160.7097072414317,mother_y_adj_xi_xj_pow2
12_to_14,y_mean,6,-0.6788423600340991,4.739113986825606,1927.6650862466017,160.7097072414317,mother_x_adj_xj_pow3
12_to_14,y_mean,7,-0.6445632331193298,4.642349279378831,1920.6705600208397,160.7097072414317,mother_2d_couple_yz_xi_xj_pow3
12_to_14,y_mean,8,0.2278114194738753,2.179769696997662,1593.053984206067,160.7097072414317,mother_2d_couple_xz_xi_xj_pow3
12_to_14,y_mean,9,0.4439808716671523,1.5695565532259144,1451.8602053245122,160.7097072414317,mother_3d_couple_prod_sq_xy2z
12_to_14,y_mean,10,0.443980872409537,1.5695565511302765,1453.8602047423742,160.7097072414317,mother_3d_couple_prod_sq_xyz2
12_to_14,y_mean,11,0.443980872409537,1.5695565511302765,1455.8602047423742,160.7097072414317,mother_x
12_to_14,y_mean,12,0.6391007808636175,1.0187630345525298,1269.4192834972039,160.7097072414317,mother_2d_couple_xy_xi_xj_pow2
12_to_14,y_mean,13,0.6391007808636175,1.0187630345525298,1271.4192834972039,160.7097072414317,mother_2d_couple_xy_xi2_xj
12_to_14,y_mean,14,0.6391007808636175,1.0187630345525298,1273.4192834972039,160.7097072414317,mother_z_z_z
12_to_14,y_mean,15,0.6391007808636175,1.0187630345525298,1275.4192834972039,160.7097072414317,mother_2d_couple_xy_xj_minus_xi_pow2
12_to_14,y_mean,16,0.6391007808636175,1.0187630345525298,1277.4192834972039,160.7097072414317,mother_x_x_x
12_to_14,y_mean,17,0.6391007808636175,1.0187630345525298,1279.4192834972039,160.7097072414317,mother_x_x
12_to_14,y_mean,18,0.6391007808636175,1.0187630345525298,1281.4192834972039,160.7097072414317,mother_2d_couple_xz_xj_minus_xi_pow2
12_to_14,y_mean,19,0.6391007808636175,1.0187630345525298,1283.4192834972039,160.7097072414317,mother_2d_couple_xz_xi_xj
12_to_14,y_mean,20,0.6391001314237932,1.0187648678213514,1285.420068080527,160.7097072414317,mother_2d_couple_xy_xi_xj_pow3
12_to_14,y_half,1,-2.5952635275357085,0.750285762794311,1114.0511091633623,23.032457561695423,mother_y_adj_xj
12_to_14,y_half,2,-2.5952635275357085,0.750285762794311,1116.0511091633623,23.032457561695423,mother_x_adj_xj
12_to_14,y_half,3,-2.5952635275357085,0.750285762794311,1118.0511091633623,23.032457561695423,mother_y_adj_xi2_xj
12_to_14,y_half,4,-2.5952635275357085,0.750285762794311,1120.0511091633623,23.032457561695423,mother_y_adj_xj_pow2
12_to_14,y_half,5,-2.5952635275357085,0.750285762794311,1122.0511091633623,23.032457561695423,mother_x_adj_xi_xj
12_to_14,y_half,6,-2.5952635275357085,0.750285762794311,1124.0511091633623,23.032457561695423,mother_y_adj_xj_pow3
12_to_14,y_half,7,-0.11965015564401127,0.23365674439612896,617.4130657903239,23.032457561695423,mother_x_adj_xj_pow2
12_to_14,y_half,8,-0.11965015564401127,0.23365674439612896,619.4130657903239,23.032457561695423,mother_2d_couple_xy_xi_xj2
12_to_14,y_half,9,-0.14282277018096812,0.2384925742708075,630.3445434921738,23.032457561695423,mother_2d_couple_xz_xj_minus_xi_pow2
12_to_14,y_half,10,-0.14282277018096812,0.2384925742708075,632.3445434921738,23.032457561695423,mother_z_adj_xj_minus_xi_pow3
12_to_14,y_half,11,-0.206185939666633,0.25171566169861637,657.8719533294823,23.032457561695423,mother_y_adj_xi_xj_pow3
12_to_14,y_half,12,-0.21177243894825137,0.2528814930327472,661.8866431126654,23.032457561695423,mother_2d_couple_yz_xi_xj_pow3
12_to_14,y_half,13,-0.45552851809053174,0.3037502859249255,743.7988874015937,23.032457561695423,mother_z_adj_xi_xj_pow3
12_to_14,y_half,14,-0.37874700173806897,0.28772696020101185,722.1703206755465,23.032457561695423,mother_3d_couple_prod_sq_xyz
12_to_14,y_half,15,-0.3787470038952889,0.28772696065119624,724.1703213577223,23.032457561695423,mother_3d_couple_prod_sq_xy2z
12_to_14,y_half,16,-0.3787470038952889,0.28772696065119624,726.1703213577223,23.032457561695423,mother_x
12_to_14,y_half,17,-0.3787470038952889,0.28772696065119624,728.1703213577223,23.032457561695423,mother_x_x
12_to_14,y_half,18,-0.3787470038952889,0.28772696065119624,730.1703213577223,23.032457561695423,mother_2d_couple_xz_xi_xj
12_to_14,y_half,19,-0.38261386856249824,0.2885339261167982,733.3914251357592,23.032457561695423,mother_2d_couple_xy_xi_xj_pow3
12_to_14,y_half,20,-0.11575024703147241,0.2328428830794893,641.8917617070382,23.032457561695423,mother_2d_couple_xy_xi_xj_pow2
12_to_14,z_mean,1,-8.750196969476239,49.64062979782132,2941.8114072910475,4397.103689591429,mother_z
12_to_14,z_mean,2,-8.750196969476239,49.64062979782132,2943.8114072910475,4397.103689591429,mother_x_adj_xj
12_to_14,z_mean,3,-8.750196969476239,49.64062979782132,2945.8114072910475,4397.103689591429,mother_y_adj_xj_pow2
12_to_14,z_mean,4,-8.750196969476239,49.64062979782132,2947.8114072910475,4397.103689591429,mother_x_adj_xi_xj
12_to_14,z_mean,5,-8.750196969476239,49.64062979782132,2949.8114072910475,4397.103689591429,mother_y_adj_xi2_xj
12_to_14,z_mean,6,-8.750196969476239,49.64062979782132,2951.8114072910475,4397.103689591429,mother_x_adj_xj_pow2
12_to_14,z_mean,7,-8.750196969476239,49.64062979782132,2953.8114072910475,4397.103689591429,mother_2d_couple_xz_xi_xj
12_to_14,z_mean,8,-8.750196969476239,49.64062979782132,2955.8114072910475,4397.103689591429,mother_x_x
12_to_14,z_mean,9,-8.750196969476239,49.64062979782132,2957.8114072910475,4397.103689591429,mother_2d_couple_xy_xi_xj2
12_to_14,z_mean,10,-8.750196969476239,49.64062979782132,2959.8114072910475,4397.103689591429,mother_y_adj_xj_pow3
12_to_14,z_mean,11,-8.750196969476239,49.64062979782132,2961.8114072910475,4397.103689591429,mother_2d_couple_xz_xj_minus_xi_pow2
12_to_14,z_mean,12,-8.750196969476239,49.64062979782132,2963.8114072910475,4397.103689591429,mother_y_adj_xi_xj_pow3
12_to_14,z_mean,13,-2.767329757103732,19.180394240666136,2551.2098410286344,4397.103689591429,mother_2d_couple_xz_xi_xj_pow3
12_to_14,z_mean,14,-2.767329757103732,19.180394240666136,2553.2098410286344,4397.103689591429,mother_3d_couple_prod_sq_xy2z
12_to_14,z_mean,15,-2.767329757103732,19.180394240666136,2555.2098410286344,4397.103689591429,mother_3d_couple_prod_sq_xyz2
12_to_14,z_mean,16,-2.767329757103732,19.180394240666136,2557.2098410286344,4397.103689591429,mother_x
12_to_14,z_mean,17,-2.767329757103732,19.180394240666136,2559.2098410286344,4397.103689591429,mother_z_z
12_to_14,z_mean,18,-0.6233961342559515,8.265105491519405,2194.1649287028595,4397.103689591429,mother_2d_couple_xy_xi_xj_pow3
12_to_14,z_mean,19,-0.6233961342559515,8.265105491519405,2196.1649287028595,4397.103689591429,mother_2d_couple_xy_xj_minus_xi_pow2
12_to_14,z_mean,20,-0.6233961342559515,8.265105491519405,2198.1649287028595,4397.103689591429,mother_2d_couple_xy_xi_xj_pow2
12_to_14,z_half,1,-7.476031151688096,2.363508194810037,1614.338509731838,41.73039610582396,mother_y_adj_xj
12_to_14,z_half,2,-7.476031151688096,2.363508194810037,1616.338509731838,41.73039610582396,mother_z_adj_xj
12_to_14,z_half,3,-7.476031151688096,2.363508194810037,1618.338509731838,41.73039610582396,mother_y_y
12_to_14,z_half,4,-1.9624257434456251,0.8260608527560072,1162.0005402154757,41.73039610582396,mother_x_adj_xj_minus_xi_pow2
12_to_14,z_half,5,-0.6554493179577265,0.4616155791624859,910.2764540479582,41.73039610582396,mother_x_adj_xj_pow2
12_to_14,z_half,6,-0.6554493179577265,0.4616155791624859,912.2764540479582,41.73039610582396,mother_y_adj_xj_pow3
12_to_14,z_half,7,-0.6554493179577265,0.4616155791624859,914.2764540479582,41.73039610582396,mother_y_adj_xi2_xj
12_to_14,z_half,8,-0.6554493179577265,0.4616155791624859,916.2764540479582,41.73039610582396,mother_x_adj_xi_xj
12_to_14,z_half,9,-0.7886855696262913,0.49876798776373416,952.0265898132657,41.73039610582396,mother_x_adj_xi2_xj
12_to_14,z_half,10,-0.7886855696262913,0.49876798776373416,954.0265898132657,41.73039610582396,mother_z_adj_xi_xj
12_to_14,z_half,11,-0.7886855696262913,0.49876798776373416,956.0265898132657,41.73039610582396,mother_y_y_y
12_to_14,z_half,12,-0.7886855696262913,0.49876798776373416,958.0265898132657,41.73039610582396,mother_2d_couple_xz_xi_xj
12_to_14,z_half,13,-0.7888093401192304,0.4988025006824697,960.0567583732801,41.73039610582396,mother_2d_couple_yz_xi_xj_pow2
12_to_14,z_half,14,-0.6266048410566945,0.453572409392278,920.6126464913035,41.73039610582396,mother_z_adj_xj_pow3
12_to_14,z_half,15,-0.5482497740590899,0.4317234048712358,901.0874101925792,41.73039610582396,mother_3d_couple_prod_xyz
12_to_14,z_half,16,-0.5482497740590901,0.43172340487123584,903.0874101925792,41.73039610582396,mother_z_adj_xj_pow2
12_to_14,z_half,17,-0.5482495577459952,0.43172334455317385,905.0873492770103,41.73039610582396,mother_y_adj_xi_xj_pow3
12_to_14,z_half,18,-0.380078726099933,0.3848295647156227,856.9541379069361,41.73039610582396,mother_x_adj_xj_minus_xi_pow3
12_to_14,z_half,19,-0.380078726099933,0.3848295647156227,858.9541379069361,41.73039610582396,mother_2d_couple_yz_xi_xj2
12_to_14,z_half,20,-0.7778840427784581,0.4957560241731768,971.385687985402,41.73039610582396,mother_z_adj_xi_xj_pow3
14_to_15,x_mean,1,-7.796401812384991,4.155441211863048,794.7869959690972,5.259310401485922,mother_x_adj_xj
14_to_15,x_mean,2,-1.4349944553156688,1.150297192657835,557.8889171060105,5.259310401485922,mother_x
14_to_15,x_mean,3,-1.4349944553156688,1.150297192657835,559.8889171060105,5.259310401485922,mother_x_adj_xj_minus_xi
14_to_15,x_mean,4,-0.5770597263527002,0.7450067789341512,481.0938095310865,5.259310401485922,mother_y_adj_xj_pow2
14_to_15,x_mean,5,-0.5770597263527002,0.7450067789341512,483.0938095310865,5.259310401485922,mother_y
14_to_15,x_mean,6,-0.20108003563435917,0.5673930756316516,434.4383837247302,5.259310401485922,mother_x_adj_xj_pow2
14_to_15,x_mean,7,-0.20108003563435917,0.5673930756316516,436.4383837247302,5.259310401485922,mother_z
14_to_15,x_mean,8,-0.20108003563435917,0.5673930756316516,438.4383837247302,5.259310401485922,mother_z_adj_xi2_xj
14_to_15,x_mean,9,-0.20108003563435917,0.5673930756316516,440.4383837247302,5.259310401485922,mother_y_adj_xj_minus_xi
14_to_15,x_mean,10,0.08999942684182971,0.4298864427948614,390.8175746968508,5.259310401485922,mother_x_adj_xj_minus_xi_pow2
14_to_15,x_mean,11,0.08979055693947235,0.4299851134352762,392.8602618611483,5.259310401485922,mother_z_adj_xj_pow3
14_to_15,x_mean,12,-0.20767275500931603,0.570507492000214,447.45654455093813,5.259310401485922,mother_x_adj_xi_xj2
14_to_15,x_mean,13,-0.21971010841592786,0.5761939664808554,451.30130181661923,5.259310401485922,mother_3d_couple_prod_sq_xyz2
14_to_15,x_mean,14,-0.21971010841592786,0.5761939664808554,453.30130181661923,5.259310401485922,mother_y_y
14_to_15,x_mean,15,-0.21971010841592786,0.5761939664808554,455.30130181661923,5.259310401485922,mother_y_y_y
14_to_15,x_mean,16,-0.21971010841592786,0.5761939664808554,457.30130181661923,5.259310401485922,mother_z_z
14_to_15,x_mean,17,0.008654155689631127,0.46831414304612706,420.74256534124686,5.259310401485922,mother_x_x_x
14_to_15,x_mean,18,0.008654155689631127,0.46831414304612706,422.74256534124686,5.259310401485922,mother_2d_couple_xz_xj_minus_xi_pow2
14_to_15,x_mean,19,0.008667434796767681,0.4683078699642205,424.74007384901535,5.259310401485922,mother_2d_couple_xz_xi_xj_pow2
14_to_15,x_mean,20,0.008667434796767681,0.4683078699642205,426.74007384901535,5.259310401485922,mother_2d_couple_xz_xi_xj2
14_to_15,x_half,1,-75.78220092369473,26.02735719186013,1136.0466966755216,103.73070258944895,mother_z_adj_xj
14_to_15,x_half,2,-75.78220092369473,26.02735719186013,1138.0466966755216,103.73070258944895,mother_y_adj_xj
14_to_15,x_half,3,-75.78220092369473,26.02735719186013,1140.0466966755216,103.73070258944895,mother_z
14_to_15,x_half,4,-75.78220092369473,26.02735719186013,1142.0466966755216,103.73070258944895,mother_y
14_to_15,x_half,5,-75.78220092369473,26.02735719186013,1144.0466966755216,103.73070258944895,mother_y_adj_xi2_xj
14_to_15,x_half,6,-75.78220092369473,26.02735719186013,1146.0466966755216,103.73070258944895,mother_y_adj_xj_minus_xi
14_to_15,x_half,7,-75.78220092369473,26.02735719186013,1148.0466966755216,103.73070258944895,mother_x_adj_xj
14_to_15,x_half,8,-11.548556418369254,4.253664992850135,813.1323933927545,103.73070258944895,mother_z_adj_xj_pow2
14_to_15,x_half,9,-7.728634155130299,2.958801339628421,747.6150017816863,103.73070258944895,mother_z_adj_xj_minus_xi_pow2
14_to_15,x_half,10,-4.123470656669524,1.7367358481384767,650.5185111397725,103.73070258944895,mother_x_adj_xj_pow2
14_to_15,x_half,11,-3.952210447312564,1.6786826719067074,646.1948756774784,103.73070258944895,mother_x_adj_xj_minus_xi_pow2
14_to_15,x_half,12,-3.9389151694351376,1.6741758859313391,647.6948470113068,103.73070258944895,mother_z_adj_xj_pow3
14_to_15,x_half,13,-3.9389151694351376,1.6741758859313391,649.6948470113068,103.73070258944895,mother_y_y_y
14_to_15,x_half,14,-0.7675487043534914,0.599157368879498,460.57016908870094,103.73070258944895,mother_x_adj_xj_pow3
14_to_15,x_half,15,-0.7675487043534914,0.599157368879498,462.57016908870094,103.73070258944895,mother_z_adj_xi_xj_pow3
14_to_15,x_half,16,-0.7675487043534914,0.599157368879498,464.57016908870094,103.73070258944895,mother_y_adj_xi_xj_pow3
14_to_15,x_half,17,-0.7295331282266488,0.5862709841861108,462.5261254870446,103.73070258944895,mother_2d_couple_xz_xi_xj_pow3
14_to_15,x_half,18,-1.045624713937333,0.6934185849016643,495.7465458572443,103.73070258944895,mother_x_adj_xi_xj_pow3
14_to_15,x_half,19,-1.045624713937333,0.6934185849016643,497.7465458572443,103.73070258944895,mother_x
14_to_15,x_half,20,-1.045624713937333,0.6934185849016643,499.7465458572443,103.73070258944895,mother_2d_couple_xz_xj_minus_xi_pow2
14_to_15,y_mean,1,-5.125770203586825,1.5179688964535998,607.4765474956769,3.2116887881883915,mother_x_adj_xj
14_to_15,y_mean,2,-5.695104620274388,1.6590502474494697,626.0067598811685,3.2116887881883915,mother_y
14_to_15,y_mean,3,-5.998352820082205,1.7341953018532867,636.2462258808531,3.2116887881883915,mother_y_adj_xj_minus_xi
14_to_15,y_mean,4,-0.6043052981174517,0.39754764903392525,364.2712050185072,3.2116887881883915,mother_y_adj_xj_pow2
14_to_15,y_mean,5,-0.5612877914648928,0.38688788953734216,361.2157550109007,3.2116887881883915,mother_2d_couple_xz_xj_minus_xi_pow2
14_to_15,y_mean,6,-0.16654871623217904,0.28907135079952495,309.00393205840555,3.2116887881883915,mother_z_adj_xj_pow2
14_to_15,y_mean,7,-0.16654871623217904,0.28907135079952495,311.00393205840555,3.2116887881883915,mother_y_adj_xj_pow3
14_to_15,y_mean,8,-0.34928835170623884,0.33435432315726527,340.07209025345537,3.2116887881883915,mother_x_adj_xj_minus_xi_pow2
14_to_15,y_mean,9,-0.3549852208936366,0.3357660101690587,342.85575300641517,3.2116887881883915,mother_z_adj_xj_pow3
14_to_15,y_mean,10,-0.34033908304673144,0.3321366899422314,342.8343202247492,3.2116887881883915,mother_x_adj_xj_pow2
14_to_15,y_mean,11,-0.34033908304673144,0.3321366899422314,344.8343202247492,3.2116887881883915,mother_y_adj_xi_xj_pow3
14_to_15,y_mean,12,-0.34033908304673144,0.3321366899422314,346.8343202247492,3.2116887881883915,mother_x
14_to_15,y_mean,13,-0.33317363482664386,0.3303610883173332,347.8372974305326,3.2116887881883915,mother_x_x_x
14_to_15,y_mean,14,-0.27504666660672306,0.3159571967460623,341.54550816178926,3.2116887881883915,mother_y_y_y
14_to_15,y_mean,15,-0.27504666660672306,0.3159571967460623,343.54550816178926,3.2116887881883915,mother_z
14_to_15,y_mean,16,-0.27504666660672306,0.3159571967460623,345.54550816178926,3.2116887881883915,mother_z_z
14_to_15,y_mean,17,-0.27504666660672306,0.3159571967460623,347.54550816178926,3.2116887881883915,mother_x_x
14_to_15,y_mean,18,-0.2750468160634092,0.3159572337815033,349.545529964083,3.2116887881883915,mother_2d_couple_xz_xi_xj_pow2
14_to_15,y_mean,19,-0.2750468160634092,0.3159572337815033,351.545529964083,3.2116887881883915,mother_2d_couple_xz_xi2_xj
14_to_15,y_mean,20,-0.2750468160634092,0.3159572337815033,353.545529964083,3.2116887881883915,mother_2d_couple_xz_xi_xj2
14_to_15,y_half,1,0.014070381671022258,0.15845835640705247,187.18413157556293,0.4003304610104545,mother_y_adj_xj_pow2
14_to_15,y_half,2,0.006448088783522987,0.15968340937285483,190.6165808944324,0.4003304610104545,mother_x_adj_xj_pow2
14_to_15,y_half,3,0.006448088783522987,0.15968340937285483,192.6165808944324,0.4003304610104545,mother_y_adj_xi_xj_pow2
14_to_15,y_half,4,0.006448088783522987,0.15968340937285483,194.6165808944324,0.4003304610104545,mother_x
14_to_15,y_half,5,0.006448088783522987,0.15968340937285483,196.6165808944324,0.4003304610104545,mother_x_x
14_to_15,y_half,6,0.006763916981431861,0.15963264954556364,198.55744620519897,0.4003304610104545,mother_y_y_y
14_to_15,y_half,7,0.006763235414013358,0.15963275908690502,200.55757384000657,0.4003304610104545,mother_x_x_x
14_to_15,y_half,8,0.006763235414013358,0.15963275908690502,202.55757384000657,0.4003304610104545,mother_y
14_to_15,y_half,9,0.006763235414013358,0.15963275908690502,204.55757384000657,0.4003304610104545,mother_y_y
14_to_15,y_half,10,0.006763235414013358,0.15963275908690502,206.55757384000657,0.4003304610104545,mother_2d_couple_xy_xi_xj
14_to_15,y_half,11,0.006759899906779943,0.15963329516877556,208.55819846781515,0.4003304610104545,mother_2d_couple_xy_xj_minus_xi_pow2
14_to_15,y_half,12,0.006957265075999919,0.15960157468919448,210.5212350294281,0.4003304610104545,mother_2d_couple_xy_xi_xj_pow2
14_to_15,y_half,13,0.006957265331992146,0.15960157464805147,212.52123498148,0.4003304610104545,mother_2d_couple_xy_xi2_xj
14_to_15,y_half,14,0.006957265331992146,0.15960157464805147,214.52123498148,0.4003304610104545,mother_2d_couple_xy_xi_xj2
14_to_15,y_half,15,0.006957265331992146,0.15960157464805147,216.52123498148,0.4003304610104545,mother_z
14_to_15,y_half,16,0.006957265331992146,0.15960157464805147,218.52123498148,0.4003304610104545,mother_z_z
14_to_15,y_half,17,0.0069573588735767355,0.15960155961407188,220.52121746084873,0.4003304610104545,mother_z_z_z
14_to_15,y_half,18,0.007881829030200627,0.15945297900665056,222.34798065251107,0.4003304610104545,mother_2d_couple_xz_xi_xj_pow2
14_to_15,y_half,19,0.007881831695111474,0.15945297857834678,224.34798015289982,0.4003304610104545,mother_2d_couple_xz_xi2_xj
14_to_15,y_half,20,0.007881831695111474,0.15945297857834678,226.34798015289982,0.4003304610104545,mother_2d_couple_xz_xi_xj2
14_to_15,z_mean,1,-5.681742833942879,2.293427686866411,684.2339702746556,4.944444278889232,mother_z
14_to_15,z_mean,2,-5.681742833942879,2.293427686866411,686.2339702746556,4.944444278889232,mother_z_adj_xi_xj
14_to_15,z_mean,3,-5.681742833942879,2.293427686866411,688.2339702746556,4.944444278889232,mother_y_adj_xi2_xj
14_to_15,z_mean,4,-5.681742833942879,2.293427686866411,690.2339702746556,4.944444278889232,mother_y_adj_xj_minus_xi
14_to_15,z_mean,5,-0.3178123186424986,0.452323193630736,390.2804859940817,4.944444278889232,mother_y_adj_xj_pow2
14_to_15,z_mean,6,-0.3178123186424986,0.452323193630736,392.2804859940817,4.944444278889232,mother_y
14_to_15,z_mean,7,-0.3178123186424986,0.452323193630736,394.2804859940817,4.944444278889232,mother_y_adj_xj_pow3
14_to_15,z_mean,8,0.1473342420663578,0.2926672434853343,315.3033997735921,4.944444278889232,mother_z_adj_xj_minus_xi_pow2
14_to_15,z_mean,9,0.1473342420663578,0.2926672434853343,317.3033997735921,4.944444278889232,mother_2d_couple_xz_xj_minus_xi_pow2
14_to_15,z_mean,10,0.04499220561311135,0.32779491387992543,340.38684841071074,4.944444278889232,mother_x_adj_xj_minus_xi_pow2
14_to_15,z_mean,11,-0.00975081299198588,0.3465847951506906,352.7543689012399,4.944444278889232,mother_z_adj_xj_minus_xi_pow3
14_to_15,z_mean,12,-0.00975081299198588,0.3465847951506906,354.75436890123984,4.944444278889232,mother_x_adj_xj_minus_xi
14_to_15,z_mean,13,-0.00975081299198588,0.3465847951506906,356.75436890123984,4.944444278889232,mother_z_adj_xj_pow2
14_to_15,z_mean,14,0.09773118622852728,0.30969289449269743,337.8207451564724,4.944444278889232,mother_x_adj_xj_pow2
14_to_15,z_mean,15,0.09773118622852728,0.30969289449269743,339.8207451564724,4.944444278889232,mother_2d_couple_yz_xj_minus_xi_pow2
14_to_15,z_mean,16,0.09773118622852728,0.30969289449269743,341.8207451564724,4.944444278889232,mother_y_adj_xi_xj_pow3
14_to_15,z_mean,17,0.14370964219034243,0.2939113437023073,334.0923920497955,4.944444278889232,mother_x_adj_xj_pow3
14_to_15,z_mean,18,0.14341019421424295,0.29401412561059537,336.1574255825617,4.944444278889232,mother_2d_couple_yz_xi_xj_pow3
14_to_15,z_mean,19,0.14341019421424295,0.29401412561059537,338.1574255825617,4.944444278889232,mother_2d_couple_yz_xi2_xj
14_to_15,z_mean,20,0.14341019421424295,0.29401412561059537,340.1574255825617,4.944444278889232,mother_z_adj_xi_xj_pow3
14_to_15,z_half,1,-0.1823503344650117,0.747634605631188,475.74872406806804,1.0022453095740609,mother_y_y
14_to_15,z_half,2,-0.1118200770387816,0.7030362664935877,466.30862949303463,1.0022453095740609,mother_2d_couple_xz_xj_minus_xi_pow2
14_to_15,z_half,3,0.012796168347515624,0.6242377794810392,446.19748405368006,1.0022453095740609,mother_x_adj_xj_pow2
14_to_15,z_half,4,0.038167672917280626,0.6081946370550094,443.3547145512062,1.0022453095740609,mother_y_y_y
14_to_15,z_half,5,0.06608062106816681,0.5905444657187495,439.8770102993456,1.0022453095740609,mother_z_adj_xj_minus_xi_pow3
14_to_15,z_half,6,0.06608062106816681,0.5905444657187495,441.8770102993456,1.0022453095740609,mother_y_adj_xi_xj_pow2
14_to_15,z_half,7,0.06608062106816681,0.5905444657187495,443.8770102993456,1.0022453095740609,mother_x
14_to_15,z_half,8,0.06608062106816681,0.5905444657187495,445.8770102993456,1.0022453095740609,mother_y
14_to_15,z_half,9,0.06618491018054351,0.5904785206708814,447.8562388511052,1.0022453095740609,mother_x_x_x
14_to_15,z_half,10,0.06730486095448784,0.5897703431275619,449.6330299281307,1.0022453095740609,mother_z_z_z
14_to_15,z_half,11,0.06730478793101013,0.589770389302437,451.63304449062355,1.0022453095740609,mother_2d_couple_xy_xi_xj
14_to_15,z_half,12,0.06773813589519972,0.5894963707439236,453.5466052649495,1.0022453095740609,mother_2d_couple_xy_xi_xj_pow2
14_to_15,z_half,13,0.06774108574537474,0.5894945054676108,455.54601672537524,1.0022453095740609,mother_2d_couple_xy_xj_minus_xi_pow2
14_to_15,z_half,14,0.0677411231204984,0.5894944818342299,457.54600926846274,1.0022453095740609,mother_2d_couple_xy_xi2_xj
14_to_15,z_half,15,0.0677411231204984,0.5894944818342299,459.54600926846274,1.0022453095740609,mother_z
14_to_15,z_half,16,0.0677411231204984,0.5894944818342299,461.54600926846274,1.0022453095740609,mother_z_z
14_to_15,z_half,17,0.06774168584235007,0.5894941260087885,463.5458969967552,1.0022453095740609,mother_x_x
14_to_15,z_half,18,0.0917990645396971,0.5742819437049288,460.6830592952379,1.0022453095740609,mother_2d_couple_xz_xi_xj_pow2
14_to_15,z_half,19,0.0917990645396971,0.5742819437049288,462.6830592952379,1.0022453095740609,mother_2d_couple_xz_xi2_xj
14_to_15,z_half,20,0.0917990645396971,0.5742819437049288,464.6830592952379,1.0022453095740609,mother_2d_couple_xz_xi_xj2
15_to_24,x_mean,1,0.9544712268380859,6.4831964937950906,7881.669900814728,26.277074964470707,mother_x
15_to_24,x_mean,2,0.9544712268380859,6.4831964937950906,7883.669900814728,26.277074964470707,mother_y_adj_xj
15_to_24,x_mean,3,0.9544712268380859,6.4831964937950906,7885.669900814728,26.277074964470707,mother_x_adj_xj
15_to_24,x_mean,4,0.9544712268380859,6.4831964937950906,7887.669900814728,26.277074964470707,mother_z_adj_xj
15_to_24,x_mean,5,0.9544712268380859,6.4831964937950906,7889.669900814728,26.277074964470707,mother_z_adj_xi_xj
15_to_24,x_mean,6,0.9544712268380859,6.4831964937950906,7891.669900814728,26.277074964470707,mother_y_adj_xj_minus_xi_pow2
15_to_24,x_mean,7,0.9572805405543646,6.083156440649437,7787.052904209296,26.277074964470707,mother_2d_couple_xy_xi_xj
15_to_24,x_mean,8,0.9572805405543646,6.083156440649437,7789.052904209296,26.277074964470707,mother_y_adj_xj_pow2
15_to_24,x_mean,9,0.9582089978444412,5.950946178223607,7754.269291619885,26.277074964470707,mother_2d_couple_yz_xi2_xj
15_to_24,x_mean,10,0.9503635957488383,7.068114066269696,8044.270050808477,26.277074964470707,mother_2d_couple_xy_xj_minus_xi_pow2
15_to_24,x_mean,11,0.9491671255317781,7.238488776095274,8086.142653861474,26.277074964470707,mother_3d_couple_prod_xyz
15_to_24,x_mean,12,0.9491671255317781,7.238488776095275,8088.142653861474,26.277074964470707,mother_2d_couple_xz_xi_xj
15_to_24,x_mean,13,0.9412551429874746,8.365137572621718,8332.304043763948,26.277074964470707,mother_y_adj_xj_minus_xi_pow3
15_to_24,x_mean,14,0.9819021297771214,2.5770966495595338,6363.320800441694,26.277074964470707,mother_x_adj_xi_xj2
15_to_24,x_mean,15,0.981902086636723,2.57710279265676,6365.324790797469,26.277074964470707,mother_z_z_z
15_to_24,x_mean,16,0.9820765147792743,2.5522646113557568,6351.112483425257,26.277074964470707,mother_2d_couple_xy_xi2_xj
15_to_24,x_mean,17,0.9820765147792743,2.5522646113557568,6353.112483425257,26.277074964470707,mother_y_adj_xj_pow3
15_to_24,x_mean,18,0.9821388409038639,2.543389509209379,6349.281265032301,26.277074964470707,mother_2d_couple_xz_xi2_xj
15_to_24,x_mean,19,0.9820855142897914,2.5509831009837747,6356.271744927455,26.277074964470707,mother_x_adj_xi2_xj
15_to_24,x_mean,20,0.9820855044625962,2.55098450035461,6358.272663218969,26.277074964470707,mother_2d_couple_xz_xi_xj2
15_to_24,x_half,1,-7.474383104924016,17.657202819033124,9558.900916746978,0.8337558416568221,mother_z_adj_xj_minus_xi
15_to_24,x_half,2,-0.09756636019482978,2.2868864422765367,6139.324378800935,0.8337558416568221,mother_y_adj_xj_pow2
15_to_24,x_half,3,-0.09756636019482978,2.2868864422765367,6141.324378800935,0.8337558416568221,mother_y_adj_xj
15_to_24,x_half,4,-0.08999117892758712,2.271102814091386,6131.730714267154,0.8337558416568221,mother_x_adj_xj_pow2
15_to_24,x_half,5,0.33016199461575124,1.3956727434347365,5318.678557861373,0.8337558416568221,mother_2d_couple_xy_xi_xj
15_to_24,x_half,6,0.4623491827474171,1.1202478585764728,4952.68884743829,0.8337558416568221,mother_y_adj_xj_minus_xi_pow2
15_to_24,x_half,7,0.4623626781037743,1.1202197396867124,4954.646828511975,0.8337558416568221,mother_z_adj_xj_pow2
15_to_24,x_half,8,0.49824490560611523,1.0454556228462333,4841.020184850239,0.8337558416568221,mother_x_adj_xj_minus_xi_pow2
15_to_24,x_half,9,0.5683624684418109,0.8993588494484394,4591.039740953797,0.8337558416568221,mother_2d_couple_xz_xi_xj
15_to_24,x_half,10,0.6817373709608447,0.6631311944580128,4082.9564241200897,0.8337558416568221,mother_2d_couple_yz_xj_minus_xi_pow2
15_to_24,x_half,11,0.8035040831804217,0.4094183863813255,3277.6945857168316,0.8337558416568221,mother_x_x
15_to_24,x_half,12,0.8035082692693221,0.4094096642572701,3279.6589229530614,0.8337558416568221,mother_y_y
15_to_24,x_half,13,0.8083723855986962,0.39927480399667786,3239.697824245529,0.8337558416568221,mother_y_y_y
15_to_24,x_half,14,0.8083723931209932,0.399274788323239,3241.6977585330496,0.8337558416568221,mother_y_adj_xj_pow3
15_to_24,x_half,15,0.8093639855586376,0.397208708873145,3235.0130217640863,0.8337558416568221,mother_z_adj_xi2_xj
15_to_24,x_half,16,0.8142418290061286,0.38704524682458674,3193.622515667109,0.8337558416568221,mother_2d_couple_xy_xi2_xj
15_to_24,x_half,17,0.8143296599772215,0.38686224243934964,3194.8308206626107,0.8337558416568221,mother_2d_couple_xy_xj_minus_xi_pow2
15_to_24,x_half,18,0.8146844976980895,0.3861229034777244,3193.6285500738,0.8337558416568221,mother_2d_couple_xz_xi_xj2
15_to_24,x_half,19,0.8208480755669321,0.3732804884991258,3139.0044879090624,0.8337558416568221,mother_2d_couple_yz_xi2_xj
15_to_24,x_half,20,0.8247065825344653,0.365240913315795,3104.556578643349,0.8337558416568221,mother_x_adj_xj_minus_xi_pow3
15_to_24,y_mean,1,0.8272675536846956,2.93388511790177,6554.378483510743,1.266732849554749,mother_y
15_to_24,y_mean,2,0.8272675536846956,2.93388511790177,6556.378483510743,1.266732849554749,mother_y_adj_xj
15_to_24,y_mean,3,0.8584753836535501,2.403815696314944,6224.800210236202,1.266732849554749,mother_y_adj_xj_minus_xi
15_to_24,y_mean,4,0.8602064558096638,2.374413190039051,6206.198260048399,1.266732849554749,mother_y_adj_xi_xj
15_to_24,y_mean,5,0.9052261812625345,1.609746763228316,5557.558900772937,1.266732849554749,mother_x
15_to_24,y_mean,6,0.9062574482132055,1.592230547695568,5541.243694601987,1.266732849554749,mother_x_adj_xj
15_to_24,y_mean,7,0.9149019557581284,1.4454023600640253,5381.287273668405,1.266732849554749,mother_2d_couple_xy_xi_xj
15_to_24,y_mean,8,0.9157081750107662,1.4317086116251128,5367.352185859105,1.266732849554749,mother_z_adj_xi_xj
15_to_24,y_mean,9,0.9273597406229102,1.2338051159070855,5120.318604801475,1.266732849554749,mother_y_y
15_to_24,y_mean,10,0.8819963385469634,2.004308938941418,5934.537291756536,1.266732849554749,mother_y_y_y
15_to_24,y_mean,11,0.8819963385469634,2.004308938941418,5936.537291756536,1.266732849554749,mother_y_adj_xi2_xj
15_to_24,y_mean,12,0.8723222538277418,2.16862464101418,6070.438160060847,1.266732849554749,mother_2d_couple_yz_xi_xj2
15_to_24,y_mean,13,0.8793390334234661,2.049443643635645,5977.815648777696,1.266732849554749,mother_3d_couple_prod_xyz
15_to_24,y_mean,14,0.8936633110882624,1.8061437543448677,5768.265048910469,1.266732849554749,mother_2d_couple_xy_xi_xj2
15_to_24,y_mean,15,0.9042811623527067,1.6257980435454982,5594.168198611616,1.266732849554749,mother_2d_couple_xz_xi_xj
15_to_24,y_mean,16,0.918772354200912,1.379663093158114,5321.365254235938,1.266732849554749,mother_z_adj_xi_xj2
15_to_24,y_mean,17,0.9261494973667949,1.2543612693912782,5163.978960683007,1.266732849554749,mother_2d_couple_xy_xi2_xj
15_to_24,y_mean,18,0.9268694709517014,1.2421324158602873,5149.578947604656,1.266732849554749,mother_2d_couple_yz_xj_minus_xi_pow2
15_to_24,y_mean,19,0.9268694705574607,1.2421324225565213,5151.578956629054,1.266732849554749,mother_y_adj_xj_pow3
15_to_24,y_mean,20,0.9268694705574607,1.2421324225565213,5153.578956629054,1.266732849554749,mother_y_adj_xj_pow2
15_to_24,y_half,1,-1.0336606993595083,3.061878289382393,6625.859998041505,0.3913516136340064,mother_x_adj_xj_minus_xi
15_to_24,y_half,2,-0.43976295063415516,2.167706206739527,6049.729054112644,0.3913516136340064,mother_z_z
15_to_24,y_half,3,-0.29938081175127307,1.9563469453849,5879.992339369803,0.3913516136340064,mother_z_adj_xj_minus_xi
15_to_24,y_half,4,-0.22009739958634644,1.836977889134563,5776.602051749648,0.3913516136340064,mother_y_adj_xi2_xj
15_to_24,y_half,5,0.6139762151878809,0.5811971713244495,3852.1846405062115,0.3913516136340064,mother_x_adj_xi_xj
15_to_24,y_half,6,0.6190611460863424,0.5735413025131417,3831.987212316364,0.3913516136340064,mother_y_y
15_to_24,y_half,7,0.6368950534263235,0.5466905826677207,3753.7239806323014,0.3913516136340064,mother_2d_couple_yz_xi_xj
15_to_24,y_half,8,0.636894851739128,0.5466908863278375,3755.724910457893,0.3913516136340064,mother_z_adj_xi_xj
15_to_24,y_half,9,0.6456668301244197,0.5334838011039771,3716.787527402239,0.3913516136340064,mother_y_adj_xj_pow2
15_to_24,y_half,10,0.6861487651009139,0.472534224876362,3515.700309976792,0.3913516136340064,mother_y_adj_xi_xj2
15_to_24,y_half,11,0.7313837100145848,0.4044285198311701,3257.167036341266,0.3913516136340064,mother_2d_couple_xz_xi_xj
15_to_24,y_half,12,0.7355451282298788,0.3981630911436498,3233.030354758679,0.3913516136340064,mother_y_y_y
15_to_24,y_half,13,0.7355451282298788,0.3981630911436498,3235.030354758679,0.3913516136340064,mother_y_adj_xi_xj
15_to_24,y_half,14,0.7435611397829606,0.38609418911414745,3185.504056987307,0.3913516136340064,mother_2d_couple_xy_xj_minus_xi_pow2
15_to_24,y_half,15,0.7432777818896941,0.38652081258274823,3189.3527597887105,0.3913516136340064,mother_3d_couple_prod_xyz
15_to_24,y_half,16,0.7457760638006387,0.38275940088497235,3174.982513287987,0.3913516136340064,mother_2d_couple_xy_xi_xj2
15_to_24,y_half,17,0.7457759586169017,0.3827595592495416,3176.9832058960155,0.3913516136340064,mother_y_adj_xj_pow3
15_to_24,y_half,18,0.7493241462669503,0.3774174101212429,3155.454724448365,0.3913516136340064,mother_2d_couple_yz_xi2_xj
15_to_24,y_half,19,0.7572229822892105,0.3655249274983713,3103.857788248444,0.3913516136340064,mother_2d_couple_xy_xi2_xj
15_to_24,y_half,20,0.7575542215333624,0.3650262138975332,3103.572262567403,0.3913516136340064,mother_2d_couple_yz_xi_xj2
15_to_24,z_mean,1,0.9575613765784805,2.2305400371048236,6095.562205253019,3.924717798983556,mother_z
15_to_24,z_mean,2,0.9575613765784805,2.2305400371048236,6097.562205253019,3.924717798983556,mother_z_adj_xj
15_to_24,z_mean,3,0.9575613765784805,2.2305400371048236,6099.562205253019,3.924717798983556,mother_y
15_to_24,z_mean,4,0.9575613765784805,2.2305400371048236,6101.562205253019,3.924717798983556,mother_y_adj_xj
15_to_24,z_mean,5,0.9603388183108855,2.084559925466382,5990.255909537627,3.924717798983556,mother_y_y
15_to_24,z_mean,6,0.9593849194487842,2.1346960852124734,6032.041066781409,3.924717798983556,mother_z_adj_xj_minus_xi_pow2
15_to_24,z_mean,7,0.9632472057768142,1.9316974110126626,5866.766309207556,3.924717798983556,mother_2d_couple_xy_xi_xj
15_to_24,z_mean,8,0.9632470030495391,1.9317080661957815,5868.775542914268,3.924717798983556,mother_2d_couple_xz_xi_xj
15_to_24,z_mean,9,0.9626685571758374,1.9621107177562298,5896.917012666143,3.924717798983556,mother_2d_couple_xy_xj_minus_xi_pow2
15_to_24,z_mean,10,0.9628672401236675,1.951668101241004,5889.983967474746,3.924717798983556,mother_z_adj_xj_pow2
15_to_24,z_mean,11,0.9656583970405973,1.8049671304951687,5761.174155577688,3.924717798983556,mother_2d_couple_xy_xi_xj2
15_to_24,z_mean,12,0.9651166305966609,1.8334419406217242,5789.376709736376,3.924717798983556,mother_x_adj_xj_minus_xi_pow2
15_to_24,z_mean,13,0.9667825053268474,1.7458848998201117,5709.46201546773,3.924717798983556,mother_3d_couple_prod_xyz
15_to_24,z_mean,14,0.9667827089737521,1.7458741963020026,5711.451752623803,3.924717798983556,mother_x_adj_xi_xj
15_to_24,z_mean,15,0.9677791318879676,1.6935030064551735,5662.4680173471115,3.924717798983556,mother_2d_couple_xz_xi_xj2
15_to_24,z_mean,16,0.9553274197746096,2.3479550164434317,6211.4401098526505,3.924717798983556,mother_2d_couple_yz_xi2_xj
15_to_24,z_mean,17,0.9551236551977811,2.3586647193064407,6221.0583473739825,3.924717798983556,mother_2d_couple_yz_xj_minus_xi_pow2
15_to_24,z_mean,18,0.9200183032510056,4.203773884516371,7190.441191673,3.924717798983556,mother_z_z_z
15_to_24,z_mean,19,0.9200183032510056,4.203773884516371,7192.441191673,3.924717798983556,mother_y_adj_xi_xj_pow2
15_to_24,z_mean,20,0.9284255202290569,3.761897297617895,7008.528031933562,3.924717798983556,mother_2d_couple_yz_xi_xj_pow2
15_to_24,z_half,1,-2.4065811044515595,3.258138490841225,6729.861381975501,1.5728538199621998,mother_y_adj_xj
15_to_24,z_half,2,-2.4065811044515595,3.258138490841225,6731.861381975501,1.5728538199621998,mother_y
15_to_24,z_half,3,-0.045005116969672354,0.9994687607101828,4755.71667830029,1.5728538199621998,mother_y_adj_xj_pow2
15_to_24,z_half,4,-0.045005116969672354,0.9994687607101828,4757.71667830029,1.5728538199621998,mother_z_adj_xj
15_to_24,z_half,5,0.13683051009283054,0.8255566660401306,4439.704805978184,1.5728538199621998,mother_x_adj_xj_pow2
15_to_24,z_half,6,0.16114595958899824,0.8023007682656595,4393.871352159271,1.5728538199621998,mother_y_adj_xi2_xj
15_to_24,z_half,7,0.16303438820726912,0.8004946283911811,4392.098594343826,1.5728538199621998,mother_y_adj_xj_pow3
15_to_24,z_half,8,0.16303438820726912,0.8004946283911811,4394.098594343826,1.5728538199621998,mother_2d_couple_yz_xi_xj
15_to_24,z_half,9,0.16303451075312292,0.8004945111852934,4396.098349242031,1.5728538199621998,mother_z_adj_xi_xj
15_to_24,z_half,10,0.2778453226625297,0.6906866087819264,4151.110550887632,1.5728538199621998,mother_2d_couple_xy_xj_minus_xi_pow2
15_to_24,z_half,11,0.2781515157188704,0.6903937581636956,4152.400625594363,1.5728538199621998,mother_x_x
15_to_24,z_half,12,0.3413393398396941,0.6299593590966857,4001.0508576353645,1.5728538199621998,mother_2d_couple_xz_xj_minus_xi_pow2
15_to_24,z_half,13,0.34133932207190754,0.6299593760902366,4003.0509027925696,1.5728538199621998,mother_2d_couple_yz_xi2_xj
15_to_24,z_half,14,0.34277478041988096,0.6285864681945695,4001.398673929525,1.5728538199621998,mother_z_adj_xi2_xj
15_to_24,z_half,15,0.3933084016458367,0.5802548620036215,3869.4683403854833,1.5728538199621998,mother_x_adj_xj_minus_xi_pow2
15_to_24,z_half,16,0.5833154254279609,0.3985274412456797,3242.5614941121007,1.5728538199621998,mother_2d_couple_xz_xi_xj2
15_to_24,z_half,17,0.5832852770136039,0.39855627593542947,3244.682608794591,1.5728538199621998,mother_3d_couple_prod_xyz
15_to_24,z_half,18,0.6311306265061175,0.3527957993726951,3042.5227570845946,1.5728538199621998,mother_x_x_x
15_to_24,z_half,19,0.6324831235298297,0.3515022377410796,3038.3735858754526,1.5728538199621998,mother_y_adj_xi_xj_pow3
15_to_24,z_half,20,0.6326697765223475,0.3513237181988448,3039.5231855235525,1.5728538199621998,mother_2d_couple_xy_xi_xj2
